id,note,url,vote_event_id
0749d5e9-8d23-48d3-a028-5ff2440f260e,,https://malegislature.gov/Journal/Senate/194/1037/sj11192025_1100AM.pdf,ocd-vote/b6d6c6b6-3565-485c-98c6-206fa927bfdb
62cd1131-64e9-4936-9d74-cba3e96aadc6,,https://malegislature.gov/Journal/Senate/194/963/sj02122025_1100AM.pdf,ocd-vote/91c59e69-eb00-4b96-9dbf-e3b4122a08d3
47fbe70e-64b0-4fb0-9024-8355e952bf8f,House journal listing,https://malegislature.gov/Journal/House/,ocd-vote/577b9462-6cf0-4ead-a645-803a007e1b83
8c5d826e-1ca4-4314-8e6d-bd0edf1951a0,Vote record pdf,https://malegislature.gov/Journal/House/194/2025/RollCalls,ocd-vote/577b9462-6cf0-4ead-a645-803a007e1b83
8587fb55-326b-46dc-b6f2-f9c07cbbed17,,https://malegislature.gov/Journal/Senate/194/1037/sj11192025_1100AM.pdf,ocd-vote/cb7dfb5f-b8b6-4661-ba4d-969df18db89e
7cb61508-0067-44f0-986e-7d78ba4f9dad,,https://malegislature.gov/Journal/Senate/194/997/sj06302025_0100PM.pdf,ocd-vote/8eb742b8-8082-4b28-bd97-7c663dbbd989
f384192e-3247-4afb-9246-20ba60428747,House journal listing,https://malegislature.gov/Journal/House/,ocd-vote/8e457751-3c63-4300-9394-b7283670acc6
2ab9a75e-f47f-4d53-afd8-eeb1fb7c7957,Vote record pdf,https://malegislature.gov/Journal/House/194/2025/RollCalls,ocd-vote/8e457751-3c63-4300-9394-b7283670acc6
1925cd3d-2999-41af-8333-6d698006d4b6,,https://malegislature.gov/Journal/Senate/194/983/sj05082025_1100AM.pdf,ocd-vote/06dd5156-d484-47d9-94b7-481be0c58c5c
e47d4340-c827-462d-9a5c-61535e03b88e,House journal listing,https://malegislature.gov/Journal/House/,ocd-vote/3daf2470-756c-41eb-becc-7b495bce76cd
4f1b3ac9-cba0-4e2e-8242-9b874e774d4d,Vote record pdf,https://malegislature.gov/Journal/House/194/2025/RollCalls,ocd-vote/3daf2470-756c-41eb-becc-7b495bce76cd
9aee5715-22f1-417c-a7ec-3febbc9dee71,House journal listing,https://malegislature.gov/Journal/House/,ocd-vote/590bd269-c0fa-483c-876b-07bcabc36614
4775c693-da89-480d-9a4c-b9d1aba39808,Vote record pdf,https://malegislature.gov/Journal/House/194/2025/RollCalls,ocd-vote/590bd269-c0fa-483c-876b-07bcabc36614
b183b91e-535d-4c9d-b9bb-e1bb7f67c6bd,,https://malegislature.gov/Journal/Senate/194/1037/sj11192025_1100AM.pdf,ocd-vote/8d0a0d3a-a045-4240-8718-091904b86c54
ea2bba0f-9882-48ad-9c95-9b0b460ac37d,House journal listing,https://malegislature.gov/Journal/House/,ocd-vote/7eba794b-fcf9-43d5-bc71-ed831f3f934d
a12ac438-5bae-4228-93cb-3822f2854f17,Vote record pdf,https://malegislature.gov/Journal/House/194/2025/RollCalls,ocd-vote/7eba794b-fcf9-43d5-bc71-ed831f3f934d
61b4ecad-b08d-4858-8d52-0ac812e6085b,House journal listing,https://malegislature.gov/Journal/House/,ocd-vote/2bf0e08d-918e-4dab-8044-e6f900b559d6
cda6c6a6-023f-4fcc-875a-96f2f7b4359d,Vote record pdf,https://malegislature.gov/Journal/House/194/2025/RollCalls,ocd-vote/2bf0e08d-918e-4dab-8044-e6f900b559d6
47c9925c-a469-452c-9b76-6ef3a9e5f258,,https://malegislature.gov/Journal/Senate/194/1004/sj07242025_1200PM.pdf,ocd-vote/39d1d061-485f-4f60-858a-5b4dca375090
acba77ca-cfeb-4ac4-af30-7393262a1b9d,House journal listing,https://malegislature.gov/Journal/House/,ocd-vote/e7450a90-2d41-4c10-a972-409d6e026523
db90a1c3-856f-4660-a9b6-b05948c4688c,Vote record pdf,https://malegislature.gov/Journal/House/194/2025/RollCalls,ocd-vote/e7450a90-2d41-4c10-a972-409d6e026523
5b37c59a-81ee-4ba9-8af6-aa31a4337096,,https://malegislature.gov/Journal/Senate/194/994/sj06182025_0100PM.pdf,ocd-vote/3d7bc82e-c514-4640-b984-25d21c6108e5
0753f6f3-8427-4cc6-a774-c93765740420,House journal listing,https://malegislature.gov/Journal/House/,ocd-vote/4b4b7dd4-bcc6-4ce6-bf22-a0d5b51bb0fa
08ae081d-5e62-41f3-b89a-cfbdc7fd8956,Vote record pdf,https://malegislature.gov/Journal/House/194/2025/RollCalls,ocd-vote/4b4b7dd4-bcc6-4ce6-bf22-a0d5b51bb0fa
56db399f-08f5-40ec-b699-2b3419398987,House journal listing,https://malegislature.gov/Journal/House/,ocd-vote/43013928-fc03-4198-a4ed-a850ea82c1f9
21b5ffaf-017b-4313-8e69-4a4199b38a07,Vote record pdf,https://malegislature.gov/Journal/House/194/2025/RollCalls,ocd-vote/43013928-fc03-4198-a4ed-a850ea82c1f9
4b8798c7-d5b1-4c41-9209-b62af9eaae19,,https://malegislature.gov/Journal/Senate/194/1004/sj07242025_1200PM.pdf,ocd-vote/0e3c0c46-62aa-42f8-b485-fdbec61fbd6a
f2837ff6-b969-4078-9df4-0bf1867d1d3f,House journal listing,https://malegislature.gov/Journal/House/,ocd-vote/6482952a-0d33-43b0-942d-535f5c39f4c8
ddddb32c-c4b9-412e-ba1b-41baeecc3f89,Vote record pdf,https://malegislature.gov/Journal/House/194/2025/RollCalls,ocd-vote/6482952a-0d33-43b0-942d-535f5c39f4c8
2de55462-bb51-499c-994d-d449824ed21b,House journal listing,https://malegislature.gov/Journal/House/,ocd-vote/903af3c6-b289-4135-ac54-950aaad633d2
deda1cc3-8ae6-4ba4-b091-9b4b439eab04,Vote record pdf,https://malegislature.gov/Journal/House/194/2025/RollCalls,ocd-vote/903af3c6-b289-4135-ac54-950aaad633d2
52be10d7-e70f-436a-9a86-26920d78f43f,,https://malegislature.gov/Journal/Senate/194/1022/sj09182025_1100AM.pdf,ocd-vote/5753a781-7d24-4635-85e3-c24d138e1e58
127110c7-fd54-42aa-bcf3-749401b46cb1,House journal listing,https://malegislature.gov/Journal/House/,ocd-vote/39758615-fe50-4924-add5-e3eaedd79f6f
e5dc3226-43bc-467b-a7f8-844b3122f24f,Vote record pdf,https://malegislature.gov/Journal/House/194/2025/RollCalls,ocd-vote/39758615-fe50-4924-add5-e3eaedd79f6f
82e0dce2-2883-4066-8184-06f64b9e7dbd,,https://malegislature.gov/Journal/Senate/194/1002/sj07172025_1200PM.pdf,ocd-vote/00a74cde-d20c-4238-8566-07f1dc1b1a3f
157ffc4f-a31e-47bc-aadb-1fab79d81b5f,House journal listing,https://malegislature.gov/Journal/House/,ocd-vote/aeab9d6f-be14-411b-91c5-3fed26b19d52
dec84c29-2b3d-4c46-bb25-62725f5266cd,Vote record pdf,https://malegislature.gov/Journal/House/194/2025/RollCalls,ocd-vote/aeab9d6f-be14-411b-91c5-3fed26b19d52
7887e34e-94fe-43a3-ba86-182fba4b7b61,,https://malegislature.gov/Journal/Senate/194/1004/sj07242025_1200PM.pdf,ocd-vote/ff2136d6-b9f2-44cf-99b7-ec2c7c06e078
00877da1-0d41-4f16-9925-5caf0ff207d0,House journal listing,https://malegislature.gov/Journal/House/,ocd-vote/897c11a6-4603-436c-b4b4-b16cfe98d703
5159cf4b-d3ce-483c-8f06-e23c146c11c4,Vote record pdf,https://malegislature.gov/Journal/House/194/2025/RollCalls,ocd-vote/897c11a6-4603-436c-b4b4-b16cfe98d703
08dd5e58-6e1d-484b-8cb5-e60389da118a,House journal listing,https://malegislature.gov/Journal/House/,ocd-vote/9eb36569-a17d-42b3-9fa4-3da4a1714e56
45a1748e-64c7-4ec6-8f53-676daf663371,Vote record pdf,https://malegislature.gov/Journal/House/194/2025/RollCalls,ocd-vote/9eb36569-a17d-42b3-9fa4-3da4a1714e56
8f5469e2-7ddc-4b07-a548-66017001dc5b,House journal listing,https://malegislature.gov/Journal/House/,ocd-vote/69c4ab57-738d-45b1-844e-cb81eb533171
38de1279-8861-47a8-8130-9a20418e1f45,Vote record pdf,https://malegislature.gov/Journal/House/194/2025/RollCalls,ocd-vote/69c4ab57-738d-45b1-844e-cb81eb533171
8db644f5-1c3e-4371-adfe-c47f24f00cb0,,https://malegislature.gov/Journal/Senate/194/1005/sj05202025_1000AM.pdf,ocd-vote/eae9c764-4c78-491c-9aa9-fe30eb2b7cb7
01e180d3-4347-4936-b61a-dc2540dd1a84,,https://malegislature.gov/Journal/Senate/194/1022/sj09182025_1100AM.pdf,ocd-vote/c5421d61-0e1e-4839-bc89-c63ee07c9fc6
db8d315a-227f-488f-b36b-9ffe61ec3971,,https://malegislature.gov/Journal/Senate/194/1053/sj01292026_1100AM.pdf,ocd-vote/cdf5e116-8943-4d9b-b32d-f275f5019198
3a829c87-822c-4328-bc2d-8a1cfd204bad,,https://malegislature.gov/Journal/Senate/194/963/sj02122025_1100AM.pdf,ocd-vote/fbf3613e-7dca-4526-922a-57765edb4904
db159636-1334-4c44-b17a-ff173d60075f,,https://malegislature.gov/Journal/Senate/194/963/sj02122025_1100AM.pdf,ocd-vote/7091ff84-8633-4200-ad82-a0a062ac69b0
47123cd9-c65e-4397-b3e6-6c871f07755c,,https://malegislature.gov/Journal/Senate/194/994/sj06182025_0100PM.pdf,ocd-vote/3497dd6e-0b5f-430f-a05c-77b282e137db
53db114a-cb57-447c-baa8-700d20248f67,,https://malegislature.gov/Journal/Senate/194/1002/sj07172025_1200PM.pdf,ocd-vote/ffbf381f-2faf-441a-b8b2-059e729f36dd
ab7eb2fc-560a-438e-980e-ab75878caf4b,,https://malegislature.gov/Journal/Senate/194/1052/sj02122026_1100AM.pdf,ocd-vote/b1fec063-7d1d-4fcc-b9ec-29248acdac03
0f239675-9a20-40ca-938d-bdcbb831fbe4,,https://malegislature.gov/Journal/Senate/194/996/sj06262025_1100AM.pdf,ocd-vote/cb651d6a-bc19-436c-b6ce-3e648b8fe0e5
e4f6a182-4482-447b-a25f-09f35a9026bb,,https://malegislature.gov/Journal/Senate/194/1037/sj11192025_1100AM.pdf,ocd-vote/e598f057-e15e-4de2-b215-b8c00576203a
e0b8fe62-aeff-4dff-a283-2b37add8585a,,https://malegislature.gov/Journal/Senate/194/963/sj02122025_1100AM.pdf,ocd-vote/6591bd89-c660-411e-a2a9-9ddf60bfa3f7
24fbcc5d-6c76-478f-8596-66daf59a9836,,https://malegislature.gov/Journal/Senate/194/1052/sj02122026_1100AM.pdf,ocd-vote/9b3ab02f-9450-4dbf-bb70-a2cfaa64488b
14ff71d4-02cb-4cdb-b216-22f7ed68fed4,,https://malegislature.gov/Journal/Senate/194/1004/sj07242025_1200PM.pdf,ocd-vote/47701ca1-b099-41df-97da-3bfd66853e50
6d3f21a8-c807-40c3-95d4-d372ed606b56,,https://malegislature.gov/Journal/Senate/194/1037/sj11192025_1100AM.pdf,ocd-vote/3d4413b8-4ccb-43a4-9b80-7e529a53213c
3c34273b-209c-4bac-b6d8-efbdd0751f49,,https://malegislature.gov/Journal/Senate/194/994/sj06182025_0100PM.pdf,ocd-vote/0a3fe912-9548-403e-9dad-82c6d5bb8648
4009e5fb-78f7-4622-b368-b1f6d9635d48,House journal listing,https://malegislature.gov/Journal/House/,ocd-vote/9f2a2a04-bb19-45c2-b926-18a1b56bdaa3
30c794ad-a43e-49d6-9603-d22b5c6af800,Vote record pdf,https://malegislature.gov/Journal/House/194/2025/RollCalls,ocd-vote/9f2a2a04-bb19-45c2-b926-18a1b56bdaa3
338d85dc-2fa4-4d57-a6e6-a08d380f8fba,,https://malegislature.gov/Journal/Senate/194/1053/sj01292026_1100AM.pdf,ocd-vote/06c8e250-76b8-4601-9bc1-a361ec2d57d8
bf4c9bf3-b6b6-4a1e-b368-0607be4c20c2,,https://malegislature.gov/Journal/Senate/194/996/sj06262025_1100AM.pdf,ocd-vote/0b2e32b0-a275-4b2e-a748-0cbeaa5c7bc6
85e480c2-e424-49e5-84c8-ab12ffef4ef9,House journal listing,https://malegislature.gov/Journal/House/,ocd-vote/65211f19-ceb8-4760-8812-06cc4b72bd64
3fa4dfdd-2c7b-48b4-a011-ffa2c8b6b327,Vote record pdf,https://malegislature.gov/Journal/House/194/2025/RollCalls,ocd-vote/65211f19-ceb8-4760-8812-06cc4b72bd64
3f66b9a8-940c-42b0-aad1-27d6614d0ae4,House journal listing,https://malegislature.gov/Journal/House/,ocd-vote/c2fccdc0-6e24-4d94-8754-ac5112109cc6
94c9e6c5-5629-49f3-8703-4874a547c52f,Vote record pdf,https://malegislature.gov/Journal/House/194/2025/RollCalls,ocd-vote/c2fccdc0-6e24-4d94-8754-ac5112109cc6
6dd545a3-9263-47d7-a5b6-6e2268c0065e,House journal listing,https://malegislature.gov/Journal/House/,ocd-vote/ede72fa9-8b18-4b57-a1bc-b2187bfcd9e3
28f4fb6d-0f9b-4d7f-b8b0-b14906cdb628,Vote record pdf,https://malegislature.gov/Journal/House/194/2025/RollCalls,ocd-vote/ede72fa9-8b18-4b57-a1bc-b2187bfcd9e3
fbf789cb-28e7-413d-b6b6-bcec204d5fd2,House journal listing,https://malegislature.gov/Journal/House/,ocd-vote/9d547297-abd1-4105-a449-70573984be1c
837111e0-c09a-4f50-99c2-0d7bbc995ed6,Vote record pdf,https://malegislature.gov/Journal/House/194/2025/RollCalls,ocd-vote/9d547297-abd1-4105-a449-70573984be1c
4ea28340-d635-4c03-9984-b1dae0963dd2,,https://malegislature.gov/Journal/Senate/194/1037/sj11192025_1100AM.pdf,ocd-vote/ea3d7a2f-0f8e-49c0-bade-efe489c0727f
9a8d4987-ff14-42c0-b994-f3197791e283,,https://malegislature.gov/Journal/Senate/194/1037/sj11192025_1100AM.pdf,ocd-vote/ab1b8fc3-3549-4b18-99e9-7a4b090406b7
102695bf-30cf-4254-81f3-9c13fb90ae28,,https://malegislature.gov/Journal/Senate/194/1010/sj07312025_1100AM.pdf,ocd-vote/93a3ebb7-a466-49e8-aea4-9c253d3979dc
67508a21-77ee-482a-ae7b-af06eac0ef01,,https://malegislature.gov/Journal/Senate/194/1037/sj11192025_1100AM.pdf,ocd-vote/606b8285-f6a7-4597-ba11-8b74f6891e49
249f5e09-0bbe-4c2b-be4c-b06e48830bac,,https://malegislature.gov/Journal/Senate/194/1052/sj02122026_1100AM.pdf,ocd-vote/a114c204-dd5b-42a9-8271-ee08014cce18
263d60ce-4974-407b-8995-fb8421084bcc,,https://malegislature.gov/Journal/Senate/194/987/sj05292025_1100AM.pdf,ocd-vote/8116b1b7-7f5b-40c6-ba71-b49104d78d92
d282cede-fff2-4740-9b9f-2864d59a1065,,https://malegislature.gov/Journal/Senate/194/1052/sj02122026_1100AM.pdf,ocd-vote/d26a1895-6784-416f-a0f0-57c4798a2721
9ae32e7f-fd2d-4e6f-bd9b-d1f66813ba75,,https://malegislature.gov/Journal/Senate/194/1053/sj01292026_1100AM.pdf,ocd-vote/87a8460d-d7de-4177-8646-d81ac2bd187f
cf833eba-d33c-4aaf-ae69-a83d89b22ac1,,https://malegislature.gov/Journal/Senate/194/960/sj02262025_0100PM.pdf,ocd-vote/0506513f-2a0a-484a-a8bd-4c52855bd79e
da81b800-d0e3-4d3b-9d44-80fd630fb565,,https://malegislature.gov/Journal/Senate/194/1053/sj01292026_1100AM.pdf,ocd-vote/354d3295-8aaa-4bee-b44d-8b7915db33c7
1303fce9-ec92-45aa-884a-19501e092e8c,,https://malegislature.gov/Journal/Senate/194/1010/sj07312025_1100AM.pdf,ocd-vote/ebd84ab3-c9b9-47db-87bb-a30191034750
bd1a5b19-938d-4a5f-a068-b2153b581150,,https://malegislature.gov/Journal/Senate/194/1040/sj09252025_1100AM.pdf,ocd-vote/368c7869-8af9-4044-b40b-d78d15db6305
ed1ab228-7df0-42c8-9f0c-c4ffc2da2aea,,https://malegislature.gov/Journal/Senate/194/963/sj02122025_1100AM.pdf,ocd-vote/a033cc52-1cc4-47b9-8871-dddeca79cc2c
19a02c79-439e-4b21-b03c-05c212029181,House journal listing,https://malegislature.gov/Journal/House/,ocd-vote/754c684c-e974-41bf-881e-18089444b662
9ea61bd1-c371-4f41-b0a8-361cd9848296,Vote record pdf,https://malegislature.gov/Journal/House/194/2025/RollCalls,ocd-vote/754c684c-e974-41bf-881e-18089444b662
add31c34-a41b-45e2-98ec-168f2df060a3,House journal listing,https://malegislature.gov/Journal/House/,ocd-vote/0ca42bbc-013d-44dd-a0ac-ffa172deeb17
24ec63ce-f1f2-47ec-b593-58c03843ba81,Vote record pdf,https://malegislature.gov/Journal/House/194/2025/RollCalls,ocd-vote/0ca42bbc-013d-44dd-a0ac-ffa172deeb17
b9b09dfb-4202-4165-b97d-87e4b1015939,House journal listing,https://malegislature.gov/Journal/House/,ocd-vote/dfc9a191-6bcf-4167-8532-5f53cf524bc6
d36ee841-0d77-48c1-bae8-d0f4fb5a8caa,Vote record pdf,https://malegislature.gov/Journal/House/194/2025/RollCalls,ocd-vote/dfc9a191-6bcf-4167-8532-5f53cf524bc6
6746a2da-ee18-4e85-afdb-2761644a5428,House journal listing,https://malegislature.gov/Journal/House/,ocd-vote/e5bef553-89a4-4a30-980e-99c1209a32d9
2b65340b-7792-40f6-9a46-4b25fc5f1aae,Vote record pdf,https://malegislature.gov/Journal/House/194/2025/RollCalls,ocd-vote/e5bef553-89a4-4a30-980e-99c1209a32d9
b62c79d4-44b1-4fa3-b9f5-298f588c9202,,https://malegislature.gov/Journal/Senate/194/1005/sj05202025_1000AM.pdf,ocd-vote/a4e6ec92-83e2-4525-b1c1-e96a82d12b90
8892db63-7f4e-4dda-9aea-e0d5aa3d38fa,,https://malegislature.gov/Journal/Senate/194/1066/sj04012026_1000AM.pdf,ocd-vote/ce215566-1a4c-42a0-87f4-3f849846fcd6
cc0d9572-e7a2-4695-bdcd-8fc51c6679cf,,https://malegislature.gov/Journal/Senate/194/1066/sj04012026_1000AM.pdf,ocd-vote/88e7521d-7df4-4efc-a182-969ab882e2cd
ba885e48-a369-4fdf-bced-2ce376553405,,https://malegislature.gov/Journal/Senate/194/1066/sj04012026_1000AM.pdf,ocd-vote/93fc14cc-f699-4e77-8572-9e52d67407a3
cdde542f-39d9-4f99-9f5d-df9ff5deb574,,https://malegislature.gov/Journal/Senate/194/996/sj06262025_1100AM.pdf,ocd-vote/02603e03-e13b-435a-80b6-df70505dc0cc
8b98a863-6f1d-4372-93ec-5a110f6dd2e3,,https://malegislature.gov/Journal/Senate/194/1067/sj03192026_1100AM.pdf,ocd-vote/ccb4035b-fa7c-4123-9b05-41d2b6bf8b4c
e42e8afc-0bf8-4949-bdea-443e49762ee4,,https://malegislature.gov/Journal/Senate/194/1067/sj03192026_1100AM.pdf,ocd-vote/0da0a142-5dd2-45b0-8242-a9c77578b8ee
b0a80f5a-b919-48f3-954e-c1158074cbf7,House journal listing,https://malegislature.gov/Journal/House/,ocd-vote/02ed7302-edc0-44fd-bc2c-372d53738d7b
0c1f260a-9b33-4c67-a250-7c12ea79dd9b,Vote record pdf,https://malegislature.gov/Journal/House/194/2026/RollCalls,ocd-vote/02ed7302-edc0-44fd-bc2c-372d53738d7b
a3095750-e164-4681-ab5c-0de6a644675f,House journal listing,https://malegislature.gov/Journal/House/,ocd-vote/ef910ebd-2ab8-4a11-99fa-b984812800ee
97633a82-b25f-4875-a824-8e074ff3ac5d,Vote record pdf,https://malegislature.gov/Journal/House/194/2025/RollCalls,ocd-vote/ef910ebd-2ab8-4a11-99fa-b984812800ee
f95cf97c-0bf4-4ef9-b98a-bcc1a196d785,House journal listing,https://malegislature.gov/Journal/House/,ocd-vote/58b1e20f-c415-4a14-bf75-e2f08dedc0c7
a90db619-ef09-487b-a79c-68b7ac083db0,Vote record pdf,https://malegislature.gov/Journal/House/194/2025/RollCalls,ocd-vote/58b1e20f-c415-4a14-bf75-e2f08dedc0c7
97820e71-a035-4b50-a2ef-5184d0928c6b,House journal listing,https://malegislature.gov/Journal/House/,ocd-vote/85760cee-85c6-4c34-b283-6119a383c417
f515f264-be01-41d0-b59a-072eb1f2eff8,Vote record pdf,https://malegislature.gov/Journal/House/194/2025/RollCalls,ocd-vote/85760cee-85c6-4c34-b283-6119a383c417
4142447f-2175-4c63-b1a4-bf733d542c8f,House journal listing,https://malegislature.gov/Journal/House/,ocd-vote/e118e592-75a1-4f66-9161-9cb0ef05ce60
41523934-39e5-439d-9506-7ab9a5d1473c,Vote record pdf,https://malegislature.gov/Journal/House/194/2025/RollCalls,ocd-vote/e118e592-75a1-4f66-9161-9cb0ef05ce60
a5ed9924-2b9b-4ec4-879f-b3d5164b2f14,House journal listing,https://malegislature.gov/Journal/House/,ocd-vote/ec87af09-8bd7-484c-b5e7-cc4d895b5e5b
13e6530a-3fd1-4be9-975f-ae8aeefd60f5,Vote record pdf,https://malegislature.gov/Journal/House/194/2025/RollCalls,ocd-vote/ec87af09-8bd7-484c-b5e7-cc4d895b5e5b
e7a058a6-5d5a-4c85-b46b-dd6603ae67dc,House journal listing,https://malegislature.gov/Journal/House/,ocd-vote/f8293174-a70b-4ef3-b391-20e90278cfca
ff2d1f9f-b7cd-44e9-b565-0f3235496395,Vote record pdf,https://malegislature.gov/Journal/House/194/2025/RollCalls,ocd-vote/f8293174-a70b-4ef3-b391-20e90278cfca
87a5bbd8-53dc-4f86-bd4f-f21023113d55,House journal listing,https://malegislature.gov/Journal/House/,ocd-vote/916fa054-afe7-45e2-9a06-8cb6befd90be
9eb84126-d3f1-4b90-a598-9407aa14f4c8,Vote record pdf,https://malegislature.gov/Journal/House/194/2025/RollCalls,ocd-vote/916fa054-afe7-45e2-9a06-8cb6befd90be
044bad93-a53f-462d-8661-4cb656dab9e6,House journal listing,https://malegislature.gov/Journal/House/,ocd-vote/eba0c5b1-7f40-4d17-8d33-adfbfcf94c89
65a4aec5-39f4-4f19-9fa7-f681fd810ae5,Vote record pdf,https://malegislature.gov/Journal/House/194/2025/RollCalls,ocd-vote/eba0c5b1-7f40-4d17-8d33-adfbfcf94c89
b866e7f2-a766-4299-bfa4-55fe96658f9f,House journal listing,https://malegislature.gov/Journal/House/,ocd-vote/8e13cd8b-1ae9-4435-8f7d-c905cd26144d
137a222f-829d-4d06-99fb-1f4a73401a9d,Vote record pdf,https://malegislature.gov/Journal/House/194/2025/RollCalls,ocd-vote/8e13cd8b-1ae9-4435-8f7d-c905cd26144d
77ffc146-bc9b-42b7-9fd1-40bf6c709cb7,House journal listing,https://malegislature.gov/Journal/House/,ocd-vote/93b26b17-905a-481d-a614-36057d4415b7
312860f9-89d5-467e-b210-b5b3e079074e,Vote record pdf,https://malegislature.gov/Journal/House/194/2025/RollCalls,ocd-vote/93b26b17-905a-481d-a614-36057d4415b7
2ed1aac6-d7be-479d-9c19-6f0ad9ec7011,House journal listing,https://malegislature.gov/Journal/House/,ocd-vote/a6d6b977-3c48-461a-b649-81b052fc3ce7
2924935f-bbdd-4121-8601-978410040172,Vote record pdf,https://malegislature.gov/Journal/House/194/2025/RollCalls,ocd-vote/a6d6b977-3c48-461a-b649-81b052fc3ce7
c21eb1a7-130c-44a2-a759-e24cedc20a6c,House journal listing,https://malegislature.gov/Journal/House/,ocd-vote/e03b0a00-317f-4e6e-b51f-8038811942a4
1c9fe0b7-3b22-47d1-9e1e-9e08146c2ca0,Vote record pdf,https://malegislature.gov/Journal/House/194/2025/RollCalls,ocd-vote/e03b0a00-317f-4e6e-b51f-8038811942a4
4135a160-28bc-4c9a-af88-2a2ecd07d86a,House journal listing,https://malegislature.gov/Journal/House/,ocd-vote/70634b72-83a6-4e07-96c8-950f58553989
8f17a3f6-fe42-4415-8bd0-a2a6d3d47001,Vote record pdf,https://malegislature.gov/Journal/House/194/2025/RollCalls,ocd-vote/70634b72-83a6-4e07-96c8-950f58553989
93d00c76-fb7b-4616-93a2-ee8a4e273ebb,House journal listing,https://malegislature.gov/Journal/House/,ocd-vote/90f6ed45-8911-4cba-b9bf-00353b45eefa
784b4744-c961-4503-a0b7-ba3c4192f5e9,Vote record pdf,https://malegislature.gov/Journal/House/194/2025/RollCalls,ocd-vote/90f6ed45-8911-4cba-b9bf-00353b45eefa
22e4a3e6-dee7-4f49-8dea-939a50333c14,House journal listing,https://malegislature.gov/Journal/House/,ocd-vote/5f30305d-9612-4c22-8348-046d301f1014
5f82b4d2-f745-4200-97cc-ba035366f9dd,Vote record pdf,https://malegislature.gov/Journal/House/194/2025/RollCalls,ocd-vote/5f30305d-9612-4c22-8348-046d301f1014
440ff156-016c-4f5c-8696-0a7803131cde,House journal listing,https://malegislature.gov/Journal/House/,ocd-vote/a7cc84fb-544a-46e7-851b-f7d0786cf6c9
6032f4af-741b-44e7-8568-115f477443a7,Vote record pdf,https://malegislature.gov/Journal/House/194/2026/RollCalls,ocd-vote/a7cc84fb-544a-46e7-851b-f7d0786cf6c9
da22ac85-5067-44cc-be25-60018f62d96d,House journal listing,https://malegislature.gov/Journal/House/,ocd-vote/c347463f-3a22-47f1-81d8-41c136452202
84077f50-33f5-4f24-b66b-e6890aa6ec46,Vote record pdf,https://malegislature.gov/Journal/House/194/2025/RollCalls,ocd-vote/c347463f-3a22-47f1-81d8-41c136452202
af635bbd-0790-4311-a050-b287b93ed1c8,House journal listing,https://malegislature.gov/Journal/House/,ocd-vote/64ebd174-ff8e-4748-ae82-9736f335b3c5
8357ae07-b177-43cc-ad9d-52c4602a2811,Vote record pdf,https://malegislature.gov/Journal/House/194/2025/RollCalls,ocd-vote/64ebd174-ff8e-4748-ae82-9736f335b3c5
1fb84e35-5748-4aa0-8129-fd6328a9a4e1,House journal listing,https://malegislature.gov/Journal/House/,ocd-vote/5428a889-21d5-488f-9344-ded1b7aadca9
b4aa5f89-960f-4b35-b39e-5358706093dd,Vote record pdf,https://malegislature.gov/Journal/House/194/2025/RollCalls,ocd-vote/5428a889-21d5-488f-9344-ded1b7aadca9
686571ab-c347-41a6-9845-499bb35106c9,House journal listing,https://malegislature.gov/Journal/House/,ocd-vote/eadc0475-f9fb-4091-9b4a-05a6cc10d536
5e8e0edb-8353-45b1-879a-f18494b991b0,Vote record pdf,https://malegislature.gov/Journal/House/194/2025/RollCalls,ocd-vote/eadc0475-f9fb-4091-9b4a-05a6cc10d536
37307a6a-4543-486b-afb3-f06b3fe67c7f,House journal listing,https://malegislature.gov/Journal/House/,ocd-vote/ab320413-f13a-41ae-96eb-8928531be4c6
0667947e-57c8-437b-841e-c85411d29ef6,Vote record pdf,https://malegislature.gov/Journal/House/194/2025/RollCalls,ocd-vote/ab320413-f13a-41ae-96eb-8928531be4c6
cfbd5db9-1369-4609-9edb-b32ed234360f,House journal listing,https://malegislature.gov/Journal/House/,ocd-vote/d177e86a-50b0-4f96-b13f-99d60af65658
9fe731da-3c66-4f83-875c-26c0989fe95d,Vote record pdf,https://malegislature.gov/Journal/House/194/2025/RollCalls,ocd-vote/d177e86a-50b0-4f96-b13f-99d60af65658
3b9a4807-9693-4300-8877-87c6c5c9b5c3,House journal listing,https://malegislature.gov/Journal/House/,ocd-vote/42988f3e-bd56-4ad1-ad38-83e0add722eb
34a6e33e-f972-4c32-b116-970f34f0c098,Vote record pdf,https://malegislature.gov/Journal/House/194/2025/RollCalls,ocd-vote/42988f3e-bd56-4ad1-ad38-83e0add722eb
feee64cd-587f-4acc-9eb9-5a2a624ea96f,House journal listing,https://malegislature.gov/Journal/House/,ocd-vote/f726631c-7eab-4c37-898c-54d5fadc6e91
ad66ebbc-b2b0-4164-a663-d567652849b3,Vote record pdf,https://malegislature.gov/Journal/House/194/2025/RollCalls,ocd-vote/f726631c-7eab-4c37-898c-54d5fadc6e91
0514b25f-d26a-4c98-b5bb-a04f63a534dd,House journal listing,https://malegislature.gov/Journal/House/,ocd-vote/0803c1f6-f009-4b28-a0f2-a1f15d34a8ee
96b97f85-9ae6-4037-972f-78c49ab908a7,Vote record pdf,https://malegislature.gov/Journal/House/194/2025/RollCalls,ocd-vote/0803c1f6-f009-4b28-a0f2-a1f15d34a8ee
5c830054-bccb-4606-b1b6-266af27c4576,House journal listing,https://malegislature.gov/Journal/House/,ocd-vote/7527aca9-a67b-46bd-8dbc-320e4fec9ddb
db24a6b8-8cda-4018-8461-3fc030f5fce9,Vote record pdf,https://malegislature.gov/Journal/House/194/2026/RollCalls,ocd-vote/7527aca9-a67b-46bd-8dbc-320e4fec9ddb
a56b7b7f-27a1-4f61-b2e7-f988f5b2cfe9,House journal listing,https://malegislature.gov/Journal/House/,ocd-vote/34f5298f-9d70-4d0b-ab0b-f0b4071a6d99
d0102f09-7946-49d3-be92-0c2b9371b2d3,Vote record pdf,https://malegislature.gov/Journal/House/194/2025/RollCalls,ocd-vote/34f5298f-9d70-4d0b-ab0b-f0b4071a6d99
1f6dc5d8-fbf3-4b89-a339-72d59b57954f,House journal listing,https://malegislature.gov/Journal/House/,ocd-vote/9fc13b77-89d9-424c-b599-6a1b53801030
b8b94672-9e23-464d-a0fb-b99de283034e,Vote record pdf,https://malegislature.gov/Journal/House/194/2025/RollCalls,ocd-vote/9fc13b77-89d9-424c-b599-6a1b53801030
f9c6a470-ae03-4776-9830-9f6124a7120b,House journal listing,https://malegislature.gov/Journal/House/,ocd-vote/36858baa-28ef-46b9-8dd4-804850a519fa
4e6fe30a-7dcb-4429-a700-0864456f2818,Vote record pdf,https://malegislature.gov/Journal/House/194/2025/RollCalls,ocd-vote/36858baa-28ef-46b9-8dd4-804850a519fa
8c2904ac-1ae8-4977-be3a-b19df7d5d798,House journal listing,https://malegislature.gov/Journal/House/,ocd-vote/09e071f5-dae6-41c9-b8b1-6fc7105eba63
ba271cd9-8c79-4682-8eef-594d0a76144e,Vote record pdf,https://malegislature.gov/Journal/House/194/2025/RollCalls,ocd-vote/09e071f5-dae6-41c9-b8b1-6fc7105eba63
f03cf74a-60ad-408e-aaba-3f82789ec07c,House journal listing,https://malegislature.gov/Journal/House/,ocd-vote/b9d1aaf1-d299-43a3-815f-867af0a270b6
4dfa51cd-acd2-4120-bba6-17438f5dac67,Vote record pdf,https://malegislature.gov/Journal/House/194/2025/RollCalls,ocd-vote/b9d1aaf1-d299-43a3-815f-867af0a270b6
d047bca8-a766-4dbc-8337-680b5a03f934,House journal listing,https://malegislature.gov/Journal/House/,ocd-vote/5bf07253-ffa0-447a-8199-8575a7ed51d8
afaf3f7c-ebd5-4cd6-abf0-1040b539262a,Vote record pdf,https://malegislature.gov/Journal/House/194/2025/RollCalls,ocd-vote/5bf07253-ffa0-447a-8199-8575a7ed51d8
37fba2a7-9a74-45bb-95f6-ed84b0378a16,House journal listing,https://malegislature.gov/Journal/House/,ocd-vote/d5e20493-aba4-41fb-9f0c-80d65fb577ac
3580faaa-896a-4323-a139-2c4975567229,Vote record pdf,https://malegislature.gov/Journal/House/194/2025/RollCalls,ocd-vote/d5e20493-aba4-41fb-9f0c-80d65fb577ac
38347df7-6ec7-4bbf-9cf2-043e32924a80,House journal listing,https://malegislature.gov/Journal/House/,ocd-vote/29b8b7ea-e9f5-49e3-84d4-80c41a7de209
39153ff9-1977-4619-8435-f48d2de72f7a,Vote record pdf,https://malegislature.gov/Journal/House/194/2025/RollCalls,ocd-vote/29b8b7ea-e9f5-49e3-84d4-80c41a7de209
814c778e-2aed-4e29-8045-304cf91c9bea,House journal listing,https://malegislature.gov/Journal/House/,ocd-vote/da2a492f-ea17-486d-ac3c-7f8c298f9d1e
b98a93fd-8df8-4e07-82ea-1504694af005,Vote record pdf,https://malegislature.gov/Journal/House/194/2025/RollCalls,ocd-vote/da2a492f-ea17-486d-ac3c-7f8c298f9d1e
877d27dc-b32a-48b2-91a8-0072d01577e5,House journal listing,https://malegislature.gov/Journal/House/,ocd-vote/a4d40bbf-227c-423a-b5f7-781332eb148e
e112673a-d37a-49ae-9373-fd5691380556,Vote record pdf,https://malegislature.gov/Journal/House/194/2025/RollCalls,ocd-vote/a4d40bbf-227c-423a-b5f7-781332eb148e
e154f182-9dac-4fb9-945a-44ebbca74557,House journal listing,https://malegislature.gov/Journal/House/,ocd-vote/acca4176-1372-4664-994e-cb291b2b40a0
e25df8e9-23fc-4b96-8f0f-f2bbff5f6285,Vote record pdf,https://malegislature.gov/Journal/House/194/2026/RollCalls,ocd-vote/acca4176-1372-4664-994e-cb291b2b40a0
d72fe37e-4c93-427e-aeda-015154d23cea,House journal listing,https://malegislature.gov/Journal/House/,ocd-vote/e331001d-ca0f-4051-a75b-c4b4bc8107d8
d607cba9-8388-4de5-81ac-73afe5635168,Vote record pdf,https://malegislature.gov/Journal/House/194/2025/RollCalls,ocd-vote/e331001d-ca0f-4051-a75b-c4b4bc8107d8
206218f4-c0ba-400a-8e93-bc9979183d0d,House journal listing,https://malegislature.gov/Journal/House/,ocd-vote/11a6e656-f511-4292-b3bb-83ee47fc82e0
37edfe12-9d89-4ab5-8cb7-cef343390427,Vote record pdf,https://malegislature.gov/Journal/House/194/2025/RollCalls,ocd-vote/11a6e656-f511-4292-b3bb-83ee47fc82e0
d8009200-3aab-403c-9846-d0b61f903785,House journal listing,https://malegislature.gov/Journal/House/,ocd-vote/a485ef29-49eb-421a-a2fd-ef717dbb0847
38a2a6f7-bcd3-45c6-ac57-abeeabd84d79,Vote record pdf,https://malegislature.gov/Journal/House/194/2025/RollCalls,ocd-vote/a485ef29-49eb-421a-a2fd-ef717dbb0847
b7179a11-24eb-4e31-ac55-5214a064993f,House journal listing,https://malegislature.gov/Journal/House/,ocd-vote/13fc0a58-6c18-4dd9-8f08-96f2d1f626ed
f170af31-df3b-4561-87df-f15742b424a2,Vote record pdf,https://malegislature.gov/Journal/House/194/2025/RollCalls,ocd-vote/13fc0a58-6c18-4dd9-8f08-96f2d1f626ed
0784eb57-3618-4192-9e85-cb95d97ab0dd,House journal listing,https://malegislature.gov/Journal/House/,ocd-vote/e23dbe0a-0088-4385-bdbf-1d806595332f
583e22d4-8063-4ac3-a15e-8591405fc9cd,Vote record pdf,https://malegislature.gov/Journal/House/194/2025/RollCalls,ocd-vote/e23dbe0a-0088-4385-bdbf-1d806595332f
8951680e-eb5c-4762-8aab-55af7c685bf9,House journal listing,https://malegislature.gov/Journal/House/,ocd-vote/72de1a09-d168-44d1-b16d-24145a88d4d8
37bfa979-1326-4d46-ad35-43ca82565c30,Vote record pdf,https://malegislature.gov/Journal/House/194/2025/RollCalls,ocd-vote/72de1a09-d168-44d1-b16d-24145a88d4d8
04888b6e-5909-4385-9324-a4e6a91c8650,House journal listing,https://malegislature.gov/Journal/House/,ocd-vote/03c9919a-30cc-4bd7-9194-b1bd216b82bd
1b06bd35-3fcb-41f0-baeb-2fdcb77b7e92,Vote record pdf,https://malegislature.gov/Journal/House/194/2025/RollCalls,ocd-vote/03c9919a-30cc-4bd7-9194-b1bd216b82bd
f6e6f275-24a1-4082-bcc7-4c3b9c2a9777,House journal listing,https://malegislature.gov/Journal/House/,ocd-vote/159f2cec-0ce2-438e-8503-879f4af79f5a
cd1c1f64-4c98-47a4-93c1-fab36b90e7ee,Vote record pdf,https://malegislature.gov/Journal/House/194/2025/RollCalls,ocd-vote/159f2cec-0ce2-438e-8503-879f4af79f5a
d088dd7e-9b93-45fb-9045-143ba5d35517,House journal listing,https://malegislature.gov/Journal/House/,ocd-vote/1a8272fc-04b0-4e94-b730-0278311e72c8
924d573a-2752-4ad8-8386-b8c407abe3d3,Vote record pdf,https://malegislature.gov/Journal/House/194/2025/RollCalls,ocd-vote/1a8272fc-04b0-4e94-b730-0278311e72c8
270400dd-e9c4-4fcc-9a5b-2fb8531247a4,House journal listing,https://malegislature.gov/Journal/House/,ocd-vote/46ed9002-bbf6-469d-af44-979afbd75581
dfc18089-bc07-49c1-8e71-bed7f6c0bded,Vote record pdf,https://malegislature.gov/Journal/House/194/2025/RollCalls,ocd-vote/46ed9002-bbf6-469d-af44-979afbd75581
f2c2cb0e-0e71-4a38-a61d-a0a2b1a823c5,House journal listing,https://malegislature.gov/Journal/House/,ocd-vote/f172fbee-fe80-44bf-a409-efd2ec2c166b
5c11fb32-ae6e-4c89-b12c-285392c60e38,Vote record pdf,https://malegislature.gov/Journal/House/194/2025/RollCalls,ocd-vote/f172fbee-fe80-44bf-a409-efd2ec2c166b
a6993dcd-1b57-4824-8b78-bc2860f8d32b,House journal listing,https://malegislature.gov/Journal/House/,ocd-vote/654d6d13-ec6f-45db-9ff4-3c976eeb0831
b8ad77b5-432e-4e54-8410-589337c5eea7,Vote record pdf,https://malegislature.gov/Journal/House/194/2025/RollCalls,ocd-vote/654d6d13-ec6f-45db-9ff4-3c976eeb0831
d22801ba-fd6f-431e-bc65-0ae10b19290a,House journal listing,https://malegislature.gov/Journal/House/,ocd-vote/fb1c8331-d8d6-4ec3-ba5a-d38d309d9a1d
b4698e49-d191-4ad8-be28-652205d628f0,Vote record pdf,https://malegislature.gov/Journal/House/194/2026/RollCalls,ocd-vote/fb1c8331-d8d6-4ec3-ba5a-d38d309d9a1d
6d3d16aa-f395-45c8-8dd4-fb17dbd4c5cf,House journal listing,https://malegislature.gov/Journal/House/,ocd-vote/0fd6772c-a35b-4957-b490-ea1d6913672b
3c2305d6-89bc-4aaa-bf6a-f8d1c47924d6,Vote record pdf,https://malegislature.gov/Journal/House/194/2025/RollCalls,ocd-vote/0fd6772c-a35b-4957-b490-ea1d6913672b
7cb40d05-acea-448e-80fc-8596c561f075,House journal listing,https://malegislature.gov/Journal/House/,ocd-vote/2cffa784-9fb1-40a6-adba-ced648b6bbf2
1fc0e471-5adc-4f81-9b04-14d6004a7f34,Vote record pdf,https://malegislature.gov/Journal/House/194/2025/RollCalls,ocd-vote/2cffa784-9fb1-40a6-adba-ced648b6bbf2
8e54868b-ee54-4ad6-85a0-2011187ad3a1,House journal listing,https://malegislature.gov/Journal/House/,ocd-vote/c1c1138d-c7ee-4ab2-8b47-45da04efe8a6
e00081b1-f1ed-408c-b15c-5eb459fb5b46,Vote record pdf,https://malegislature.gov/Journal/House/194/2025/RollCalls,ocd-vote/c1c1138d-c7ee-4ab2-8b47-45da04efe8a6
a300d847-29d0-4ed3-96e2-c9761be9915d,House journal listing,https://malegislature.gov/Journal/House/,ocd-vote/0f3d633d-3102-4567-8d13-6a9f31994d6e
8eeda918-9f39-49fe-9055-98d85567ae74,Vote record pdf,https://malegislature.gov/Journal/House/194/2025/RollCalls,ocd-vote/0f3d633d-3102-4567-8d13-6a9f31994d6e
b39016d4-2bb2-46ee-bbc2-afaeac518f3a,House journal listing,https://malegislature.gov/Journal/House/,ocd-vote/933284d1-3f10-495f-8268-1f1d158badcc
58f84473-9713-4bdf-9c2c-7431ce2ae792,Vote record pdf,https://malegislature.gov/Journal/House/194/2025/RollCalls,ocd-vote/933284d1-3f10-495f-8268-1f1d158badcc
802c512f-a329-456c-974c-a037b70283ed,House journal listing,https://malegislature.gov/Journal/House/,ocd-vote/b4790909-d969-444a-91f8-2fb715ab1490
effe6b95-7cbf-41e0-8183-2a358cbc6748,Vote record pdf,https://malegislature.gov/Journal/House/194/2025/RollCalls,ocd-vote/b4790909-d969-444a-91f8-2fb715ab1490
5654d25e-2dbd-4b61-b8c5-bdce53713397,House journal listing,https://malegislature.gov/Journal/House/,ocd-vote/29ac4432-3235-42c9-8de5-4cb2928b442e
43a640bd-9bac-4410-9737-9418a7c0d0f1,Vote record pdf,https://malegislature.gov/Journal/House/194/2025/RollCalls,ocd-vote/29ac4432-3235-42c9-8de5-4cb2928b442e
162e8867-c9c9-4495-a058-15f58b62c868,House journal listing,https://malegislature.gov/Journal/House/,ocd-vote/5af8e464-7093-479a-8dd5-5e7bc9f6d9ed
b85ada51-b940-42b1-b046-4b0160bc1e49,Vote record pdf,https://malegislature.gov/Journal/House/194/2025/RollCalls,ocd-vote/5af8e464-7093-479a-8dd5-5e7bc9f6d9ed
10014c66-c89d-43aa-92cc-6211c47b2972,House journal listing,https://malegislature.gov/Journal/House/,ocd-vote/813690dc-a662-425f-8cab-14739b5ef67b
5b8277dd-9ecc-41db-8d8c-c2e07a46fd7a,Vote record pdf,https://malegislature.gov/Journal/House/194/2025/RollCalls,ocd-vote/813690dc-a662-425f-8cab-14739b5ef67b
03927d90-3484-456e-a1d2-f7a5b049369c,House journal listing,https://malegislature.gov/Journal/House/,ocd-vote/b9e51f8c-d009-4f97-b96e-c2e836619088
32fce9d5-1719-4359-8147-4a5e5749b40f,Vote record pdf,https://malegislature.gov/Journal/House/194/2025/RollCalls,ocd-vote/b9e51f8c-d009-4f97-b96e-c2e836619088
f29cd45f-3e9c-463b-9e3f-bcf3a9c2ccaa,House journal listing,https://malegislature.gov/Journal/House/,ocd-vote/6d408105-c0cf-4309-8a55-142bc726672a
38f7d028-ccdf-459d-9c7f-f4e3399e8db6,Vote record pdf,https://malegislature.gov/Journal/House/194/2026/RollCalls,ocd-vote/6d408105-c0cf-4309-8a55-142bc726672a
a717f27e-3c6d-4cf1-92d6-3ad76897bd86,House journal listing,https://malegislature.gov/Journal/House/,ocd-vote/fc6c1ee3-2e1a-42d6-bccf-68bbee163083
b8a7e912-edb6-49d2-9a5b-5765c6785f25,Vote record pdf,https://malegislature.gov/Journal/House/194/2025/RollCalls,ocd-vote/fc6c1ee3-2e1a-42d6-bccf-68bbee163083
4f658fd3-7d7b-4b92-9844-65b5a5e3a524,House journal listing,https://malegislature.gov/Journal/House/,ocd-vote/833389a1-27ab-4a2a-bfdb-41e8cfff2b32
8b9ed0e7-c9cc-4305-9c04-23a52de8739a,Vote record pdf,https://malegislature.gov/Journal/House/194/2025/RollCalls,ocd-vote/833389a1-27ab-4a2a-bfdb-41e8cfff2b32
36755cb0-6712-47b7-94b0-839380e21850,House journal listing,https://malegislature.gov/Journal/House/,ocd-vote/09ce8bab-df77-40c5-a566-e83a875f66f8
9f7937b0-cd4b-4ef2-8d49-f576cc02980a,Vote record pdf,https://malegislature.gov/Journal/House/194/2025/RollCalls,ocd-vote/09ce8bab-df77-40c5-a566-e83a875f66f8
0ee9544c-1102-4716-a712-d2699c240607,House journal listing,https://malegislature.gov/Journal/House/,ocd-vote/dfdbaf76-5a74-40fc-b134-0897dded29b4
bbc9d31e-586a-4603-8d59-c8ca0b72a3aa,Vote record pdf,https://malegislature.gov/Journal/House/194/2025/RollCalls,ocd-vote/dfdbaf76-5a74-40fc-b134-0897dded29b4
edfc1f14-0871-418f-9c54-be9ded36e9f7,House journal listing,https://malegislature.gov/Journal/House/,ocd-vote/a5474cff-ea5f-44f4-97f5-ed3ae7ae810a
6ee85067-77e0-45b9-9c41-b6a575784b14,Vote record pdf,https://malegislature.gov/Journal/House/194/2025/RollCalls,ocd-vote/a5474cff-ea5f-44f4-97f5-ed3ae7ae810a
3296f8ee-935a-486b-81b1-9cbced967143,House journal listing,https://malegislature.gov/Journal/House/,ocd-vote/96bb1fb4-107b-4c13-9492-98da9ddb901f
57b770f1-a721-4555-9259-f70bc998c543,Vote record pdf,https://malegislature.gov/Journal/House/194/2025/RollCalls,ocd-vote/96bb1fb4-107b-4c13-9492-98da9ddb901f
76855cb3-abf7-41b3-becf-67cf4123a482,House journal listing,https://malegislature.gov/Journal/House/,ocd-vote/1eb66213-6dc8-44c0-bb5a-4936eff1fe4d
9f184b80-92c4-4f50-8844-ef6839578fab,Vote record pdf,https://malegislature.gov/Journal/House/194/2025/RollCalls,ocd-vote/1eb66213-6dc8-44c0-bb5a-4936eff1fe4d
d9f0c93a-dc9c-4135-9c60-448dbe75514a,House journal listing,https://malegislature.gov/Journal/House/,ocd-vote/b973b4b1-6055-49e3-aa37-a614824b241a
e1dba107-c540-4a66-83fc-b54fd6939568,Vote record pdf,https://malegislature.gov/Journal/House/194/2025/RollCalls,ocd-vote/b973b4b1-6055-49e3-aa37-a614824b241a
23927cf4-cfca-40b1-823a-9336134c5c92,House journal listing,https://malegislature.gov/Journal/House/,ocd-vote/f122487b-e538-4c95-bfbc-26d60a9e8db4
fbeec181-a09e-42cf-8c3f-700cdf06afd0,Vote record pdf,https://malegislature.gov/Journal/House/194/2025/RollCalls,ocd-vote/f122487b-e538-4c95-bfbc-26d60a9e8db4
53f38f27-d0b0-4c18-81d5-7b8178288de9,House journal listing,https://malegislature.gov/Journal/House/,ocd-vote/a296ed20-2c52-4887-9258-262513efea6e
18711acf-1972-42bd-b35e-ffe726c7e1da,Vote record pdf,https://malegislature.gov/Journal/House/194/2025/RollCalls,ocd-vote/a296ed20-2c52-4887-9258-262513efea6e
4064b1de-5620-46f6-a2e8-27ead9016ae6,House journal listing,https://malegislature.gov/Journal/House/,ocd-vote/cb8ebb27-c998-45b5-9e3b-f7884643ae20
229336cf-3312-40d6-8d1d-c59a68ae6e71,Vote record pdf,https://malegislature.gov/Journal/House/194/2026/RollCalls,ocd-vote/cb8ebb27-c998-45b5-9e3b-f7884643ae20
262d38f0-a069-4a6b-b47f-9439120a4dbf,House journal listing,https://malegislature.gov/Journal/House/,ocd-vote/4b59f65e-dcd0-408e-89ec-2a3b83b7a660
7152774e-7993-4d85-a77e-c801e92307d8,Vote record pdf,https://malegislature.gov/Journal/House/194/2025/RollCalls,ocd-vote/4b59f65e-dcd0-408e-89ec-2a3b83b7a660
07e023af-a539-4323-af62-254c887ed86c,House journal listing,https://malegislature.gov/Journal/House/,ocd-vote/0d0180be-92dc-4a8a-bcd1-dd5bcaf96485
4059334a-2145-4714-9b76-688dcc5c0209,Vote record pdf,https://malegislature.gov/Journal/House/194/2025/RollCalls,ocd-vote/0d0180be-92dc-4a8a-bcd1-dd5bcaf96485
43daeac7-b9cd-45d2-90bf-77bfddfe8a11,House journal listing,https://malegislature.gov/Journal/House/,ocd-vote/ce167467-506c-448a-b2d8-5601409f5eef
ae7693a9-175c-4cfd-89a1-5588d3b8427a,Vote record pdf,https://malegislature.gov/Journal/House/194/2025/RollCalls,ocd-vote/ce167467-506c-448a-b2d8-5601409f5eef
01a01d83-17a4-4877-9bed-04b0302f3f20,House journal listing,https://malegislature.gov/Journal/House/,ocd-vote/9dae59b2-f709-4215-967d-d9809a104594
b34e5984-4b9f-438b-bb0c-83aa66ffb3ce,Vote record pdf,https://malegislature.gov/Journal/House/194/2025/RollCalls,ocd-vote/9dae59b2-f709-4215-967d-d9809a104594
893671e3-63e6-439f-8178-24c4ad3c3aba,House journal listing,https://malegislature.gov/Journal/House/,ocd-vote/afde1684-2ec7-4737-a0e4-d2c62d788388
eac2ff82-a960-4e5b-b4bd-64a0d23d3655,Vote record pdf,https://malegislature.gov/Journal/House/194/2025/RollCalls,ocd-vote/afde1684-2ec7-4737-a0e4-d2c62d788388
777eea91-2475-456f-81e5-79d8e91c789d,House journal listing,https://malegislature.gov/Journal/House/,ocd-vote/085af8a3-93d8-4466-9e06-da2f1d62c921
e5507065-8e5b-4ca2-a2ca-37ced23d2400,Vote record pdf,https://malegislature.gov/Journal/House/194/2026/RollCalls,ocd-vote/085af8a3-93d8-4466-9e06-da2f1d62c921
327d0344-4d9c-47f4-9e3c-8bdf692bd7ee,House journal listing,https://malegislature.gov/Journal/House/,ocd-vote/0ab01e45-a910-486d-abd0-069660418963
e0b9c902-ad69-4f59-aa3f-5e3eb8e914c0,Vote record pdf,https://malegislature.gov/Journal/House/194/2025/RollCalls,ocd-vote/0ab01e45-a910-486d-abd0-069660418963
e82db53e-bd08-410b-8e48-4739fc729274,House journal listing,https://malegislature.gov/Journal/House/,ocd-vote/2742d4f3-fb1c-43ab-b280-3b390b6f4aab
95aa7e28-b601-48e4-a9e7-405379e19cee,Vote record pdf,https://malegislature.gov/Journal/House/194/2025/RollCalls,ocd-vote/2742d4f3-fb1c-43ab-b280-3b390b6f4aab
08368fae-419d-460c-a20d-693a10d35f7f,House journal listing,https://malegislature.gov/Journal/House/,ocd-vote/10446b16-ef59-45eb-a77e-e86523bd446f
9f57f723-4da1-4841-8d1e-cb31b777c401,Vote record pdf,https://malegislature.gov/Journal/House/194/2025/RollCalls,ocd-vote/10446b16-ef59-45eb-a77e-e86523bd446f
4a456285-6fbb-471e-ad74-8f2c3bb86823,House journal listing,https://malegislature.gov/Journal/House/,ocd-vote/54681422-fba5-46d3-963f-c71faaa6d832
238736d5-c3e4-4718-a8a1-da8323f15aff,Vote record pdf,https://malegislature.gov/Journal/House/194/2025/RollCalls,ocd-vote/54681422-fba5-46d3-963f-c71faaa6d832
99bf7d18-98d8-46c7-8172-18413a47111a,House journal listing,https://malegislature.gov/Journal/House/,ocd-vote/3206d2be-bb4b-4fb7-95b6-e3f249649748
1f72b977-35bb-4ae6-b989-b25ef0b9d5b1,Vote record pdf,https://malegislature.gov/Journal/House/194/2025/RollCalls,ocd-vote/3206d2be-bb4b-4fb7-95b6-e3f249649748
9e84e5f8-d794-4a79-b62e-427a3d92b1f0,House journal listing,https://malegislature.gov/Journal/House/,ocd-vote/c0ffbd96-5a9f-42d4-8e9e-700a68c145bf
ce8e199a-8968-4183-b889-eb11fa8aeb8c,Vote record pdf,https://malegislature.gov/Journal/House/194/2025/RollCalls,ocd-vote/c0ffbd96-5a9f-42d4-8e9e-700a68c145bf
70adef53-6665-4fbe-88a6-596703e4dc94,House journal listing,https://malegislature.gov/Journal/House/,ocd-vote/77972a59-e206-4cc6-af78-35f02429db6a
8d2f44b4-e451-41df-b334-bb6f3809d9d8,Vote record pdf,https://malegislature.gov/Journal/House/194/2025/RollCalls,ocd-vote/77972a59-e206-4cc6-af78-35f02429db6a
dba5e65c-54a4-4bbf-a4f4-37b1f3ea720c,House journal listing,https://malegislature.gov/Journal/House/,ocd-vote/35f74f08-84ac-493c-8dca-6a62a14c8370
1ac895f8-f304-4f9b-96da-66f46b4f63c4,Vote record pdf,https://malegislature.gov/Journal/House/194/2025/RollCalls,ocd-vote/35f74f08-84ac-493c-8dca-6a62a14c8370
0c9d1b0c-5b41-40a4-9c9e-651d3859a6e5,House journal listing,https://malegislature.gov/Journal/House/,ocd-vote/c3f0ec49-accd-432a-b5cb-83f415153e41
a6cba69f-4579-46af-a883-09978d0080bf,Vote record pdf,https://malegislature.gov/Journal/House/194/2025/RollCalls,ocd-vote/c3f0ec49-accd-432a-b5cb-83f415153e41
24893ec7-fe64-4294-b841-9a0094fc35a7,House journal listing,https://malegislature.gov/Journal/House/,ocd-vote/021fa817-2299-4e0e-b470-c6e2e4d3703e
28644444-162d-470a-a364-da98be56c866,Vote record pdf,https://malegislature.gov/Journal/House/194/2025/RollCalls,ocd-vote/021fa817-2299-4e0e-b470-c6e2e4d3703e
1f1aea8a-4488-4403-87a6-5a466226bac2,House journal listing,https://malegislature.gov/Journal/House/,ocd-vote/06f8888d-8218-4069-ac28-f70092b344e7
02e25cf1-5613-450e-8afc-cdc5c8c64e73,Vote record pdf,https://malegislature.gov/Journal/House/194/2025/RollCalls,ocd-vote/06f8888d-8218-4069-ac28-f70092b344e7
7976981f-3a8c-4721-a0c3-f123f6d35583,House journal listing,https://malegislature.gov/Journal/House/,ocd-vote/2991e221-346c-4559-9658-45af9b501844
769f37c3-003e-4c77-b23b-c3e2744452b0,Vote record pdf,https://malegislature.gov/Journal/House/194/2025/RollCalls,ocd-vote/2991e221-346c-4559-9658-45af9b501844
d52799b0-aab4-4a0a-8ba6-61109c6e47f9,House journal listing,https://malegislature.gov/Journal/House/,ocd-vote/8f3d3961-d3a9-4914-8e02-c540674a7b4f
4d3b458b-d1ab-4dc6-94dc-82f5d046d66e,Vote record pdf,https://malegislature.gov/Journal/House/194/2025/RollCalls,ocd-vote/8f3d3961-d3a9-4914-8e02-c540674a7b4f
9261ea89-c56c-49ca-b787-fec8dc10102a,House journal listing,https://malegislature.gov/Journal/House/,ocd-vote/db961bf8-0081-42b2-afe6-0d635b666d34
3f09ae8d-eb58-47fe-aad7-42050957d195,Vote record pdf,https://malegislature.gov/Journal/House/194/2025/RollCalls,ocd-vote/db961bf8-0081-42b2-afe6-0d635b666d34
44ed7d45-87be-42ab-98e5-13fbf42ae427,House journal listing,https://malegislature.gov/Journal/House/,ocd-vote/8ea635c6-9400-4a03-a22f-41391e32cc18
9fe7e9a9-cd82-491b-ad2d-77c16b77162b,Vote record pdf,https://malegislature.gov/Journal/House/194/2025/RollCalls,ocd-vote/8ea635c6-9400-4a03-a22f-41391e32cc18
ccec34e6-a3b1-4745-b791-b1e2c85503d7,House journal listing,https://malegislature.gov/Journal/House/,ocd-vote/55483f11-0437-407b-9c6c-6460232f5973
1f04506a-000d-4d75-9fe3-20214e89210e,Vote record pdf,https://malegislature.gov/Journal/House/194/2025/RollCalls,ocd-vote/55483f11-0437-407b-9c6c-6460232f5973
58438618-e28f-4b40-81fa-d6cb74693ac9,House journal listing,https://malegislature.gov/Journal/House/,ocd-vote/6b506467-45dd-4498-b960-b2f6e9260d0e
f59541c7-b5b3-4306-8f42-df1cd358a7ff,Vote record pdf,https://malegislature.gov/Journal/House/194/2025/RollCalls,ocd-vote/6b506467-45dd-4498-b960-b2f6e9260d0e
a2e9a79d-28a4-44c8-b97f-c46bd152da90,House journal listing,https://malegislature.gov/Journal/House/,ocd-vote/8d6c52ca-dd88-4986-a228-2558ac2f58c8
542f914f-3247-4191-b20d-1547ea6b83d2,Vote record pdf,https://malegislature.gov/Journal/House/194/2025/RollCalls,ocd-vote/8d6c52ca-dd88-4986-a228-2558ac2f58c8
52a5bc94-2bb3-42a4-a790-f9f2ee695e16,House journal listing,https://malegislature.gov/Journal/House/,ocd-vote/dfe22731-d22f-4a52-b178-8b1b22d9e46c
a31e8648-4963-410f-aec1-4e7a4d73613e,Vote record pdf,https://malegislature.gov/Journal/House/194/2026/RollCalls,ocd-vote/dfe22731-d22f-4a52-b178-8b1b22d9e46c
75400957-3d47-440c-9f81-42f20870462a,House journal listing,https://malegislature.gov/Journal/House/,ocd-vote/55546bc5-c566-463b-a831-f3b0c9cdb9ea
149fbb21-0536-475b-b82f-89fc3efa4bb2,Vote record pdf,https://malegislature.gov/Journal/House/194/2025/RollCalls,ocd-vote/55546bc5-c566-463b-a831-f3b0c9cdb9ea
f88e5450-03ad-4778-8f40-cf32e2a68151,,https://malegislature.gov/Journal/Senate/194/963/sj02122025_1100AM.pdf,ocd-vote/04aca224-3fe4-4d61-b17c-0dc0cc3f29c4
bc03dc46-ac9c-45e8-be91-11ba96b7dfc0,House journal listing,https://malegislature.gov/Journal/House/,ocd-vote/d7702dce-2ea5-4cbf-9c44-8e15b3c29d2c
902c6ea5-e936-449f-b237-aa4d32439d22,Vote record pdf,https://malegislature.gov/Journal/House/194/2026/RollCalls,ocd-vote/d7702dce-2ea5-4cbf-9c44-8e15b3c29d2c
03a0bb89-d2c3-4e1c-9142-edd26f5eb7e7,House journal listing,https://malegislature.gov/Journal/House/,ocd-vote/85493fee-dc20-4ea2-b5ed-4a7087b4e492
765a0d0c-e206-4e1e-8aa4-7b901782e9ad,Vote record pdf,https://malegislature.gov/Journal/House/194/2026/RollCalls,ocd-vote/85493fee-dc20-4ea2-b5ed-4a7087b4e492
187d1fdb-3875-4750-a5cd-c93ae55ff038,House journal listing,https://malegislature.gov/Journal/House/,ocd-vote/9429699a-fd7d-422f-a101-b331cdd67c20
bafe539b-2998-472e-8134-f1c90697379e,Vote record pdf,https://malegislature.gov/Journal/House/194/2026/RollCalls,ocd-vote/9429699a-fd7d-422f-a101-b331cdd67c20
ec239d4a-a1dc-4c0f-b119-dfc433eeb02e,House journal listing,https://malegislature.gov/Journal/House/,ocd-vote/b68d3b40-790c-4e50-896a-5553fd1fbaeb
fefd3ae3-4b7a-431c-b0cc-d4805680cde3,Vote record pdf,https://malegislature.gov/Journal/House/194/2026/RollCalls,ocd-vote/b68d3b40-790c-4e50-896a-5553fd1fbaeb
50effa43-b392-436f-98fc-0afe04d43e00,House journal listing,https://malegislature.gov/Journal/House/,ocd-vote/8ae7faa3-61af-48c7-a148-02ad3edebf10
b4737c5c-2edd-4a3b-bc4e-ecd8d6493121,Vote record pdf,https://malegislature.gov/Journal/House/194/2026/RollCalls,ocd-vote/8ae7faa3-61af-48c7-a148-02ad3edebf10
9a00de6e-7601-4ae3-bda6-6bd553b5bf7d,House journal listing,https://malegislature.gov/Journal/House/,ocd-vote/601a03e9-27fb-4eaa-8d72-7bd947ff6d61
2335431f-9461-4d2d-b1b5-5f199bf570f6,Vote record pdf,https://malegislature.gov/Journal/House/194/2026/RollCalls,ocd-vote/601a03e9-27fb-4eaa-8d72-7bd947ff6d61
63482cb4-80ef-49ff-87d8-56f6f9a76747,House journal listing,https://malegislature.gov/Journal/House/,ocd-vote/36896193-27cd-4ec4-8449-b74a9556ab1d
d8fa9bfc-2087-43d5-810a-c5b43236ba4d,Vote record pdf,https://malegislature.gov/Journal/House/194/2026/RollCalls,ocd-vote/36896193-27cd-4ec4-8449-b74a9556ab1d
6e5502c2-2153-4a2d-b4ae-9adf3f3b1bad,House journal listing,https://malegislature.gov/Journal/House/,ocd-vote/89c2fac8-08b5-4e87-afb5-7c7973ffe34e
0da4619c-2f59-4c94-83df-2aac675af630,Vote record pdf,https://malegislature.gov/Journal/House/194/2026/RollCalls,ocd-vote/89c2fac8-08b5-4e87-afb5-7c7973ffe34e
62636b43-5dd1-404c-a4e6-cbc5197c47cb,House journal listing,https://malegislature.gov/Journal/House/,ocd-vote/d1206143-27d9-4d51-b704-28eba1c9b41b
20ad50bd-9d57-4b3a-8dc9-8f02d76ef9a8,Vote record pdf,https://malegislature.gov/Journal/House/194/2026/RollCalls,ocd-vote/d1206143-27d9-4d51-b704-28eba1c9b41b
e35185c1-eb0b-47f9-9e88-6218ec7db024,House journal listing,https://malegislature.gov/Journal/House/,ocd-vote/cd6aad54-4db7-4917-92f0-ae8a84d4ad78
ad0b2826-6948-4508-9f14-519cd6c8361d,Vote record pdf,https://malegislature.gov/Journal/House/194/2026/RollCalls,ocd-vote/cd6aad54-4db7-4917-92f0-ae8a84d4ad78
4dde6ca7-5f92-4422-bcad-cbf3b9b6f86d,House journal listing,https://malegislature.gov/Journal/House/,ocd-vote/3376729f-0c86-412c-8430-f3c0cf97789f
2001cff8-dba0-45d6-8026-87517559bb82,Vote record pdf,https://malegislature.gov/Journal/House/194/2026/RollCalls,ocd-vote/3376729f-0c86-412c-8430-f3c0cf97789f
4752ee8f-eff2-4bae-bf81-68285c860b42,House journal listing,https://malegislature.gov/Journal/House/,ocd-vote/2629f2a1-84ae-40d8-aa55-9e02fafbea9a
b2de1e21-914a-4470-8e2b-7680d9a9dc8c,Vote record pdf,https://malegislature.gov/Journal/House/194/2026/RollCalls,ocd-vote/2629f2a1-84ae-40d8-aa55-9e02fafbea9a
b2c750b7-6275-4c8d-9834-d5a92fe3bacf,House journal listing,https://malegislature.gov/Journal/House/,ocd-vote/ef41dce3-b5c8-4f61-a252-3911de6464a0
95a961fe-47ae-416f-a04b-b54e94ea0a29,Vote record pdf,https://malegislature.gov/Journal/House/194/2026/RollCalls,ocd-vote/ef41dce3-b5c8-4f61-a252-3911de6464a0
a9043b01-0cc0-4cdd-8f7e-3ace8917b8f0,House journal listing,https://malegislature.gov/Journal/House/,ocd-vote/743846c8-72fe-4f10-9d14-14f57367a83b
7d7d3d81-c18d-4571-aa67-135b20f59a6c,Vote record pdf,https://malegislature.gov/Journal/House/194/2026/RollCalls,ocd-vote/743846c8-72fe-4f10-9d14-14f57367a83b
fe3d423a-c389-4560-b578-04c2183f06b5,House journal listing,https://malegislature.gov/Journal/House/,ocd-vote/d90749a7-9415-41e7-9d3f-bbb08feb8e0f
4b9a4410-ce1d-48b0-a1c5-47a3993a972e,Vote record pdf,https://malegislature.gov/Journal/House/194/2026/RollCalls,ocd-vote/d90749a7-9415-41e7-9d3f-bbb08feb8e0f
01591454-699a-4cf8-b307-f55920ba91f1,House journal listing,https://malegislature.gov/Journal/House/,ocd-vote/b184e5de-3fad-4270-a99e-de1a60f46e46
f7c4ac70-c1b4-4ec8-8a8d-c5ce5b715eed,Vote record pdf,https://malegislature.gov/Journal/House/194/2026/RollCalls,ocd-vote/b184e5de-3fad-4270-a99e-de1a60f46e46
