id,identifier,motion_text,motion_classification,start_date,result,organization_id,bill_id,bill_action_id,jurisdiction,session_identifier
ocd-vote/eba0c5b1-7f40-4d17-8d33-adfbfcf94c89,,H. 57 On adoption of amendment #6,['passage'],2025-02-06T19:35:00+00:00,fail,ocd-organization/ca38ad9c-c3d5-4c4f-bc2f-d885218ed802,ocd-bill/30ddf47e-0047-4227-8096-9dda96853467,,Massachusetts,194th
ocd-vote/b4790909-d969-444a-91f8-2fb715ab1490,,H. 57 On adoption of amendment #8,['passage'],2025-02-06T19:48:00+00:00,fail,ocd-organization/ca38ad9c-c3d5-4c4f-bc2f-d885218ed802,ocd-bill/30ddf47e-0047-4227-8096-9dda96853467,,Massachusetts,194th
ocd-vote/e03b0a00-317f-4e6e-b51f-8038811942a4,,H. 57 On adoption of amendment #16,['passage'],2025-02-06T20:07:00+00:00,fail,ocd-organization/ca38ad9c-c3d5-4c4f-bc2f-d885218ed802,ocd-bill/30ddf47e-0047-4227-8096-9dda96853467,,Massachusetts,194th
ocd-vote/2742d4f3-fb1c-43ab-b280-3b390b6f4aab,,H. 57 On adoption of amendment #18,['passage'],2025-02-06T20:25:00+00:00,fail,ocd-organization/ca38ad9c-c3d5-4c4f-bc2f-d885218ed802,ocd-bill/30ddf47e-0047-4227-8096-9dda96853467,,Massachusetts,194th
ocd-vote/85760cee-85c6-4c34-b283-6119a383c417,,"H. 57 ""Shall the decis ion of the Chair stand?'",['passage'],2025-02-06T20:41:00+00:00,pass,ocd-organization/ca38ad9c-c3d5-4c4f-bc2f-d885218ed802,ocd-bill/30ddf47e-0047-4227-8096-9dda96853467,,Massachusetts,194th
ocd-vote/42988f3e-bd56-4ad1-ad38-83e0add722eb,,"H. 57 ""Shall the decis ion of the Chair stand?'",['passage'],2025-02-06T21:11:00+00:00,pass,ocd-organization/ca38ad9c-c3d5-4c4f-bc2f-d885218ed802,ocd-bill/30ddf47e-0047-4227-8096-9dda96853467,,Massachusetts,194th
ocd-vote/03c9919a-30cc-4bd7-9194-b1bd216b82bd,,"H. 57 On adoption of amendment #27, changed",['passage'],2025-02-06T21:41:00+00:00,pass,ocd-organization/ca38ad9c-c3d5-4c4f-bc2f-d885218ed802,ocd-bill/30ddf47e-0047-4227-8096-9dda96853467,,Massachusetts,194th
ocd-vote/654d6d13-ec6f-45db-9ff4-3c976eeb0831,,"H. 57 On adoption of amendment #24, changed",['passage'],2025-02-06T21:47:00+00:00,pass,ocd-organization/ca38ad9c-c3d5-4c4f-bc2f-d885218ed802,ocd-bill/30ddf47e-0047-4227-8096-9dda96853467,,Massachusetts,194th
ocd-vote/8ea635c6-9400-4a03-a22f-41391e32cc18,,"H. 57 On adoption of amendment #15, changed",['passage'],2025-02-06T21:54:00+00:00,pass,ocd-organization/ca38ad9c-c3d5-4c4f-bc2f-d885218ed802,ocd-bill/30ddf47e-0047-4227-8096-9dda96853467,,Massachusetts,194th
ocd-vote/77972a59-e206-4cc6-af78-35f02429db6a,,"H. 57 On adoption of amendment #9, changed",['passage'],2025-02-06T22:00:00+00:00,pass,ocd-organization/ca38ad9c-c3d5-4c4f-bc2f-d885218ed802,ocd-bill/30ddf47e-0047-4227-8096-9dda96853467,,Massachusetts,194th
ocd-vote/10446b16-ef59-45eb-a77e-e86523bd446f,,H. 57 On Engrossment,['passage'],2025-02-06T22:03:00+00:00,pass,ocd-organization/ca38ad9c-c3d5-4c4f-bc2f-d885218ed802,ocd-bill/30ddf47e-0047-4227-8096-9dda96853467,,Massachusetts,194th
ocd-vote/7091ff84-8633-4200-ad82-a0a062ac69b0,,"Acceptance of the report, as amended,",[],2025-02-12,pass,ocd-organization/1a75ab3a-669b-43fe-ac8d-31a2d6923d9a,ocd-bill/6dcf88c9-cb0a-4226-9193-661ebf4ec495,,Massachusetts,194th
ocd-vote/91c59e69-eb00-4b96-9dbf-e3b4122a08d3,,Adoption of the amendment,['amendment'],2025-02-12,fail,ocd-organization/1a75ab3a-669b-43fe-ac8d-31a2d6923d9a,ocd-bill/6dcf88c9-cb0a-4226-9193-661ebf4ec495,,Massachusetts,194th
ocd-vote/04aca224-3fe4-4d61-b17c-0dc0cc3f29c4,,Adoption of the amendment,['amendment'],2025-02-12,pass,ocd-organization/1a75ab3a-669b-43fe-ac8d-31a2d6923d9a,ocd-bill/dcac6ff8-cace-45f8-ba84-04ab929d5652,,Massachusetts,194th
ocd-vote/a033cc52-1cc4-47b9-8871-dddeca79cc2c,,"Acceptance of the report, as amended,",[],2025-02-12,pass,ocd-organization/1a75ab3a-669b-43fe-ac8d-31a2d6923d9a,ocd-bill/64b58a50-adde-486a-a0e7-e4eb7c9a498a,,Massachusetts,194th
ocd-vote/6591bd89-c660-411e-a2a9-9ddf60bfa3f7,,Adoption of the amendment,['amendment'],2025-02-12,fail,ocd-organization/1a75ab3a-669b-43fe-ac8d-31a2d6923d9a,ocd-bill/64b58a50-adde-486a-a0e7-e4eb7c9a498a,,Massachusetts,194th
ocd-vote/fbf3613e-7dca-4526-922a-57765edb4904,,Passing the bill to be engrossed,['passage'],2025-02-12,pass,ocd-organization/1a75ab3a-669b-43fe-ac8d-31a2d6923d9a,ocd-bill/6dcf88c9-cb0a-4226-9193-661ebf4ec495,,Massachusetts,194th
ocd-vote/eadc0475-f9fb-4091-9b4a-05a6cc10d536,,H. 61 Text of a further amendment to H.58,['passage'],2025-02-25T19:22:00+00:00,pass,ocd-organization/ca38ad9c-c3d5-4c4f-bc2f-d885218ed802,ocd-bill/5dfff867-1833-4591-9f02-ef2a0fcd389e,,Massachusetts,194th
ocd-vote/96bb1fb4-107b-4c13-9492-98da9ddb901f,,H. 2026 On adoption of amendment #2,['passage'],2025-02-25T20:05:00+00:00,fail,ocd-organization/ca38ad9c-c3d5-4c4f-bc2f-d885218ed802,ocd-bill/3e3f434f-adcb-41ac-9477-39c0fec94e1b,,Massachusetts,194th
ocd-vote/9eb36569-a17d-42b3-9fa4-3da4a1714e56,,H. 2026 On adoption of amendment #3,['passage'],2025-02-25T20:12:00+00:00,fail,ocd-organization/ca38ad9c-c3d5-4c4f-bc2f-d885218ed802,ocd-bill/3e3f434f-adcb-41ac-9477-39c0fec94e1b,,Massachusetts,194th
ocd-vote/55546bc5-c566-463b-a831-f3b0c9cdb9ea,,H. 2026 On adoption of amendment #4,['passage'],2025-02-25T20:23:00+00:00,fail,ocd-organization/ca38ad9c-c3d5-4c4f-bc2f-d885218ed802,ocd-bill/3e3f434f-adcb-41ac-9477-39c0fec94e1b,,Massachusetts,194th
ocd-vote/4b59f65e-dcd0-408e-89ec-2a3b83b7a660,,H. 2026 On adoption of amendment #5,['passage'],2025-02-25T20:35:00+00:00,fail,ocd-organization/ca38ad9c-c3d5-4c4f-bc2f-d885218ed802,ocd-bill/3e3f434f-adcb-41ac-9477-39c0fec94e1b,,Massachusetts,194th
ocd-vote/09e071f5-dae6-41c9-b8b1-6fc7105eba63,,H. 2026 On adoption of amendment #6,['passage'],2025-02-25T20:47:00+00:00,fail,ocd-organization/ca38ad9c-c3d5-4c4f-bc2f-d885218ed802,ocd-bill/3e3f434f-adcb-41ac-9477-39c0fec94e1b,,Massachusetts,194th
ocd-vote/6b506467-45dd-4498-b960-b2f6e9260d0e,,H. 2026 On adoption of amendment #7,['passage'],2025-02-25T20:56:00+00:00,fail,ocd-organization/ca38ad9c-c3d5-4c4f-bc2f-d885218ed802,ocd-bill/3e3f434f-adcb-41ac-9477-39c0fec94e1b,,Massachusetts,194th
ocd-vote/8e457751-3c63-4300-9394-b7283670acc6,,H. 2026 On adoption of the order,['passage'],2025-02-25T21:00:00+00:00,pass,ocd-organization/ca38ad9c-c3d5-4c4f-bc2f-d885218ed802,ocd-bill/3e3f434f-adcb-41ac-9477-39c0fec94e1b,,Massachusetts,194th
ocd-vote/ef910ebd-2ab8-4a11-99fa-b984812800ee,,H. 2024 On adoption of amendment #18,['passage'],2025-02-25T21:39:00+00:00,fail,ocd-organization/ca38ad9c-c3d5-4c4f-bc2f-d885218ed802,ocd-bill/bb4c9005-88a2-44e0-9881-581db091964f,,Massachusetts,194th
ocd-vote/7eba794b-fcf9-43d5-bc71-ed831f3f934d,,H. 2024 On adoption of amendment #17,['passage'],2025-02-25T22:03:00+00:00,fail,ocd-organization/ca38ad9c-c3d5-4c4f-bc2f-d885218ed802,ocd-bill/bb4c9005-88a2-44e0-9881-581db091964f,,Massachusetts,194th
ocd-vote/5428a889-21d5-488f-9344-ded1b7aadca9,,H. 2024 On adoption of amendment #2,['passage'],2025-02-25T22:08:00+00:00,fail,ocd-organization/ca38ad9c-c3d5-4c4f-bc2f-d885218ed802,ocd-bill/bb4c9005-88a2-44e0-9881-581db091964f,,Massachusetts,194th
ocd-vote/c347463f-3a22-47f1-81d8-41c136452202,,H. 2024 On adoption of amendment #3,['passage'],2025-02-25T22:11:00+00:00,fail,ocd-organization/ca38ad9c-c3d5-4c4f-bc2f-d885218ed802,ocd-bill/bb4c9005-88a2-44e0-9881-581db091964f,,Massachusetts,194th
ocd-vote/0803c1f6-f009-4b28-a0f2-a1f15d34a8ee,,H. 2024 On adoption of the order,['passage'],2025-02-25T22:14:00+00:00,pass,ocd-organization/ca38ad9c-c3d5-4c4f-bc2f-d885218ed802,ocd-bill/bb4c9005-88a2-44e0-9881-581db091964f,,Massachusetts,194th
ocd-vote/0506513f-2a0a-484a-a8bd-4c52855bd79e,,Passing it to be enacted,['passage'],2025-02-26,pass,ocd-organization/1a75ab3a-669b-43fe-ac8d-31a2d6923d9a,ocd-bill/6dcf88c9-cb0a-4226-9193-661ebf4ec495,,Massachusetts,194th
ocd-vote/29b8b7ea-e9f5-49e3-84d4-80c41a7de209,,H. 4005 On Adoption of Consolidated Amendment A,['passage'],2025-04-09T21:17:00+00:00,pass,ocd-organization/ca38ad9c-c3d5-4c4f-bc2f-d885218ed802,ocd-bill/5ad1c6d1-facc-4e8d-9a0c-d1e146c570e3,,Massachusetts,194th
ocd-vote/93b26b17-905a-481d-a614-36057d4415b7,,H. 4005 On adoption of amendment #10,['passage'],2025-04-09T21:58:00+00:00,fail,ocd-organization/ca38ad9c-c3d5-4c4f-bc2f-d885218ed802,ocd-bill/5ad1c6d1-facc-4e8d-9a0c-d1e146c570e3,,Massachusetts,194th
ocd-vote/11a6e656-f511-4292-b3bb-83ee47fc82e0,,H. 4005 On Adoption of Consolidated Amendment B,['passage'],2025-04-09T22:04:00+00:00,pass,ocd-organization/ca38ad9c-c3d5-4c4f-bc2f-d885218ed802,ocd-bill/5ad1c6d1-facc-4e8d-9a0c-d1e146c570e3,,Massachusetts,194th
ocd-vote/f172fbee-fe80-44bf-a409-efd2ec2c166b,,H. 4005 On Engrossment,['passage'],2025-04-09T22:09:00+00:00,pass,ocd-organization/ca38ad9c-c3d5-4c4f-bc2f-d885218ed802,ocd-bill/5ad1c6d1-facc-4e8d-9a0c-d1e146c570e3,,Massachusetts,194th
ocd-vote/e331001d-ca0f-4051-a75b-c4b4bc8107d8,,H. 4000 On adoption of amendment #556,['passage'],2025-04-28T16:23:00+00:00,fail,ocd-organization/ca38ad9c-c3d5-4c4f-bc2f-d885218ed802,ocd-bill/330a4359-6f52-4f98-a5c9-a50e4d3d658d,,Massachusetts,194th
ocd-vote/e7450a90-2d41-4c10-a972-409d6e026523,,H. 4000 On Ordering to a third reading,['passage'],2025-04-28T16:28:00+00:00,pass,ocd-organization/ca38ad9c-c3d5-4c4f-bc2f-d885218ed802,ocd-bill/330a4359-6f52-4f98-a5c9-a50e4d3d658d,,Massachusetts,194th
ocd-vote/5bf07253-ffa0-447a-8199-8575a7ed51d8,,H. 4000 On Adoption of Consolidated Amendment A,['passage'],2025-04-28T21:54:00+00:00,pass,ocd-organization/ca38ad9c-c3d5-4c4f-bc2f-d885218ed802,ocd-bill/330a4359-6f52-4f98-a5c9-a50e4d3d658d,,Massachusetts,194th
ocd-vote/d177e86a-50b0-4f96-b13f-99d60af65658,,H. 4000 On Adoption of Consolidated Amendment B,['passage'],2025-04-29T00:21:00+00:00,pass,ocd-organization/ca38ad9c-c3d5-4c4f-bc2f-d885218ed802,ocd-bill/330a4359-6f52-4f98-a5c9-a50e4d3d658d,,Massachusetts,194th
ocd-vote/3206d2be-bb4b-4fb7-95b6-e3f249649748,,H. 4000 On adoption of amendment #616,['passage'],2025-04-29T16:19:00+00:00,fail,ocd-organization/ca38ad9c-c3d5-4c4f-bc2f-d885218ed802,ocd-bill/330a4359-6f52-4f98-a5c9-a50e4d3d658d,,Massachusetts,194th
ocd-vote/1a8272fc-04b0-4e94-b730-0278311e72c8,,H. 4000 On adoption of amendment #1643,['passage'],2025-04-29T16:33:00+00:00,fail,ocd-organization/ca38ad9c-c3d5-4c4f-bc2f-d885218ed802,ocd-bill/330a4359-6f52-4f98-a5c9-a50e4d3d658d,,Massachusetts,194th
ocd-vote/db961bf8-0081-42b2-afe6-0d635b666d34,,H. 4000 On adoption of amendment #554,['passage'],2025-04-29T16:58:00+00:00,fail,ocd-organization/ca38ad9c-c3d5-4c4f-bc2f-d885218ed802,ocd-bill/330a4359-6f52-4f98-a5c9-a50e4d3d658d,,Massachusetts,194th
ocd-vote/c2fccdc0-6e24-4d94-8754-ac5112109cc6,,H. 4000 On adoption of amendment #417,['passage'],2025-04-29T17:16:00+00:00,fail,ocd-organization/ca38ad9c-c3d5-4c4f-bc2f-d885218ed802,ocd-bill/330a4359-6f52-4f98-a5c9-a50e4d3d658d,,Massachusetts,194th
ocd-vote/a296ed20-2c52-4887-9258-262513efea6e,,H. 4000 On adoption of amendment #606,['passage'],2025-04-29T17:25:00+00:00,fail,ocd-organization/ca38ad9c-c3d5-4c4f-bc2f-d885218ed802,ocd-bill/330a4359-6f52-4f98-a5c9-a50e4d3d658d,,Massachusetts,194th
ocd-vote/577b9462-6cf0-4ead-a645-803a007e1b83,,H. 4000 On adoption of amendment #311,['passage'],2025-04-29T17:50:00+00:00,fail,ocd-organization/ca38ad9c-c3d5-4c4f-bc2f-d885218ed802,ocd-bill/330a4359-6f52-4f98-a5c9-a50e4d3d658d,,Massachusetts,194th
ocd-vote/4b4b7dd4-bcc6-4ce6-bf22-a0d5b51bb0fa,,H. 4000 On Adoption of Consolidated Amendment C,['passage'],2025-04-29T18:14:00+00:00,pass,ocd-organization/ca38ad9c-c3d5-4c4f-bc2f-d885218ed802,ocd-bill/330a4359-6f52-4f98-a5c9-a50e4d3d658d,,Massachusetts,194th
ocd-vote/f726631c-7eab-4c37-898c-54d5fadc6e91,,H. 4000 On Adoption of Consolidated Amendment D,['passage'],2025-04-29T20:31:00+00:00,pass,ocd-organization/ca38ad9c-c3d5-4c4f-bc2f-d885218ed802,ocd-bill/330a4359-6f52-4f98-a5c9-a50e4d3d658d,,Massachusetts,194th
ocd-vote/b9d1aaf1-d299-43a3-815f-867af0a270b6,,H. 4000 On adoption of amendment #409,['passage'],2025-04-30T00:33:00+00:00,fail,ocd-organization/ca38ad9c-c3d5-4c4f-bc2f-d885218ed802,ocd-bill/330a4359-6f52-4f98-a5c9-a50e4d3d658d,,Massachusetts,194th
ocd-vote/36858baa-28ef-46b9-8dd4-804850a519fa,,H. 4000 On Adoption of Consolidated Amendment E,['passage'],2025-04-30T00:42:00+00:00,pass,ocd-organization/ca38ad9c-c3d5-4c4f-bc2f-d885218ed802,ocd-bill/330a4359-6f52-4f98-a5c9-a50e4d3d658d,,Massachusetts,194th
ocd-vote/34f5298f-9d70-4d0b-ab0b-f0b4071a6d99,,"H. 4000 ""Shall the decision of the Chair stand?",['passage'],2025-04-30T15:56:00+00:00,pass,ocd-organization/ca38ad9c-c3d5-4c4f-bc2f-d885218ed802,ocd-bill/330a4359-6f52-4f98-a5c9-a50e4d3d658d,,Massachusetts,194th
ocd-vote/933284d1-3f10-495f-8268-1f1d158badcc,,H. 4000 On adoption of amendment #404,['passage'],2025-04-30T16:08:00+00:00,fail,ocd-organization/ca38ad9c-c3d5-4c4f-bc2f-d885218ed802,ocd-bill/330a4359-6f52-4f98-a5c9-a50e4d3d658d,,Massachusetts,194th
ocd-vote/916fa054-afe7-45e2-9a06-8cb6befd90be,,H. 4000 On Adoption of Consolidated Amendment F,['passage'],2025-04-30T16:31:00+00:00,pass,ocd-organization/ca38ad9c-c3d5-4c4f-bc2f-d885218ed802,ocd-bill/330a4359-6f52-4f98-a5c9-a50e4d3d658d,,Massachusetts,194th
ocd-vote/5f30305d-9612-4c22-8348-046d301f1014,,H. 4000 On Adoption of Consolidated Amendment G,['passage'],2025-04-30T20:49:00+00:00,pass,ocd-organization/ca38ad9c-c3d5-4c4f-bc2f-d885218ed802,ocd-bill/330a4359-6f52-4f98-a5c9-a50e4d3d658d,,Massachusetts,194th
ocd-vote/70634b72-83a6-4e07-96c8-950f58553989,,H. 4000 On passing to be engrossed,['passage'],2025-04-30T21:09:00+00:00,pass,ocd-organization/ca38ad9c-c3d5-4c4f-bc2f-d885218ed802,ocd-bill/330a4359-6f52-4f98-a5c9-a50e4d3d658d,,Massachusetts,194th
ocd-vote/06dd5156-d484-47d9-94b7-481be0c58c5c,,Passing the bill to be engrossed,['passage'],2025-05-08,pass,ocd-organization/1a75ab3a-669b-43fe-ac8d-31a2d6923d9a,ocd-bill/036143fa-1b8a-403c-ae13-0288727bf5d8,,Massachusetts,194th
ocd-vote/a4e6ec92-83e2-4525-b1c1-e96a82d12b90,,Adoption of the amendment,['amendment'],2025-05-20,fail,ocd-organization/1a75ab3a-669b-43fe-ac8d-31a2d6923d9a,ocd-bill/d9e95432-9ee6-4cd2-8008-6ecd3635ebf6,,Massachusetts,194th
ocd-vote/eae9c764-4c78-491c-9aa9-fe30eb2b7cb7,,Passing the bill to be engrossed,['passage'],2025-05-20,pass,ocd-organization/1a75ab3a-669b-43fe-ac8d-31a2d6923d9a,ocd-bill/d9e95432-9ee6-4cd2-8008-6ecd3635ebf6,,Massachusetts,194th
ocd-vote/72de1a09-d168-44d1-b16d-24145a88d4d8,,H. 4150 On adoption of amendment #61,['passage'],2025-05-21T19:55:00+00:00,pass,ocd-organization/ca38ad9c-c3d5-4c4f-bc2f-d885218ed802,ocd-bill/7b284033-8562-445e-8a8e-3c694a35b7d1,,Massachusetts,194th
ocd-vote/8d6c52ca-dd88-4986-a228-2558ac2f58c8,,"H. 4150 On adoption of amendment #27, chg",['passage'],2025-05-21T21:48:00+00:00,pass,ocd-organization/ca38ad9c-c3d5-4c4f-bc2f-d885218ed802,ocd-bill/7b284033-8562-445e-8a8e-3c694a35b7d1,,Massachusetts,194th
ocd-vote/5af8e464-7093-479a-8dd5-5e7bc9f6d9ed,,H. 4150 On Adoption of Consolidated Amendment A,['passage'],2025-05-21T22:05:00+00:00,pass,ocd-organization/ca38ad9c-c3d5-4c4f-bc2f-d885218ed802,ocd-bill/7b284033-8562-445e-8a8e-3c694a35b7d1,,Massachusetts,194th
ocd-vote/afde1684-2ec7-4737-a0e4-d2c62d788388,,H. 4150 On passing to be engrossed,['passage'],2025-05-21T22:09:00+00:00,pass,ocd-organization/ca38ad9c-c3d5-4c4f-bc2f-d885218ed802,ocd-bill/7b284033-8562-445e-8a8e-3c694a35b7d1,,Massachusetts,194th
ocd-vote/8116b1b7-7f5b-40c6-ba71-b49104d78d92,,Passing the bill to be engrossed,['passage'],2025-05-29,pass,ocd-organization/1a75ab3a-669b-43fe-ac8d-31a2d6923d9a,ocd-bill/1a02ffcd-3157-4791-a391-625e0d18220a,,Massachusetts,194th
ocd-vote/6482952a-0d33-43b0-942d-535f5c39f4c8,,H. 4187 On adoption of amendment #29,['passage'],2025-06-04T19:00:00+00:00,pass,ocd-organization/ca38ad9c-c3d5-4c4f-bc2f-d885218ed802,ocd-bill/58c4f288-1e3b-44e9-aa3b-dfb1eb510a10,,Massachusetts,194th
ocd-vote/0ab01e45-a910-486d-abd0-069660418963,,"H. 4187 On adoption of amendment #36, chg",['passage'],2025-06-04T19:34:00+00:00,pass,ocd-organization/ca38ad9c-c3d5-4c4f-bc2f-d885218ed802,ocd-bill/58c4f288-1e3b-44e9-aa3b-dfb1eb510a10,,Massachusetts,194th
ocd-vote/9dae59b2-f709-4215-967d-d9809a104594,,H. 4187 On passing to be engrossed,['passage'],2025-06-04T19:59:00+00:00,pass,ocd-organization/ca38ad9c-c3d5-4c4f-bc2f-d885218ed802,ocd-bill/58c4f288-1e3b-44e9-aa3b-dfb1eb510a10,,Massachusetts,194th
ocd-vote/3d7bc82e-c514-4640-b984-25d21c6108e5,,Adoption of the amendment,['amendment'],2025-06-18,fail,ocd-organization/1a75ab3a-669b-43fe-ac8d-31a2d6923d9a,ocd-bill/045bfd64-fa68-4d04-a67d-e64dfb885c98,,Massachusetts,194th
ocd-vote/0a3fe912-9548-403e-9dad-82c6d5bb8648,,Passing the bill to be engrossed,['passage'],2025-06-18,pass,ocd-organization/1a75ab3a-669b-43fe-ac8d-31a2d6923d9a,ocd-bill/5ba0ca5e-6a25-4992-9f4c-8596236744b5,,Massachusetts,194th
ocd-vote/3497dd6e-0b5f-430f-a05c-77b282e137db,,Passing it to be enacted,['passage'],2025-06-18,pass,ocd-organization/1a75ab3a-669b-43fe-ac8d-31a2d6923d9a,ocd-bill/045bfd64-fa68-4d04-a67d-e64dfb885c98,,Massachusetts,194th
ocd-vote/e118e592-75a1-4f66-9161-9cb0ef05ce60,,H. 4227 - On acceptance of conference committee repor,['passage'],2025-06-18T17:31:00+00:00,pass,ocd-organization/ca38ad9c-c3d5-4c4f-bc2f-d885218ed802,ocd-bill/5ba0ca5e-6a25-4992-9f4c-8596236744b5,,Massachusetts,194th
ocd-vote/b973b4b1-6055-49e3-aa37-a614824b241a,,H. 4227 On enactment,['passage'],2025-06-18T18:44:00+00:00,pass,ocd-organization/ca38ad9c-c3d5-4c4f-bc2f-d885218ed802,ocd-bill/5ba0ca5e-6a25-4992-9f4c-8596236744b5,,Massachusetts,194th
ocd-vote/cb651d6a-bc19-436c-b6ce-3e648b8fe0e5,,Passing the bill to be engrossed,['passage'],2025-06-26,pass,ocd-organization/1a75ab3a-669b-43fe-ac8d-31a2d6923d9a,ocd-bill/ba186355-cf41-4bed-9518-07bf16a20cbe,,Massachusetts,194th
ocd-vote/0b2e32b0-a275-4b2e-a748-0cbeaa5c7bc6,,Acceptance of the report of the committee of conference,[],2025-06-26,pass,ocd-organization/1a75ab3a-669b-43fe-ac8d-31a2d6923d9a,ocd-bill/a53ed6d2-baed-467e-8641-1e7e44ad7248,,Massachusetts,194th
ocd-vote/02603e03-e13b-435a-80b6-df70505dc0cc,,Adoption of the amendment,['amendment'],2025-06-26,fail,ocd-organization/1a75ab3a-669b-43fe-ac8d-31a2d6923d9a,ocd-bill/0ce3c4ae-e5f4-40d4-9623-23cefbf2aa55,,Massachusetts,194th
ocd-vote/d5e20493-aba4-41fb-9f0c-80d65fb577ac,,S. 2545 On acceptance,['passage'],2025-06-26T18:47:00+00:00,pass,ocd-organization/ca38ad9c-c3d5-4c4f-bc2f-d885218ed802,ocd-bill/a53ed6d2-baed-467e-8641-1e7e44ad7248,,Massachusetts,194th
ocd-vote/8eb742b8-8082-4b28-bd97-7c663dbbd989,,Acceptance of the report of the committee of conference,[],2025-06-30,pass,ocd-organization/1a75ab3a-669b-43fe-ac8d-31a2d6923d9a,ocd-bill/5436491a-7a10-4dca-99e1-1fb4cf5e8661,,Massachusetts,194th
ocd-vote/35f74f08-84ac-493c-8dca-6a62a14c8370,,H. 4237 On passing to be engrossed,['passage'],2025-06-30T17:27:00+00:00,pass,ocd-organization/ca38ad9c-c3d5-4c4f-bc2f-d885218ed802,ocd-bill/343bb1dc-3052-4a5c-9443-fbdfb9d8d8db,,Massachusetts,194th
ocd-vote/06f8888d-8218-4069-ac28-f70092b344e7,,H. 4237 On passing to be enacted,['passage'],2025-06-30T17:54:00+00:00,pass,ocd-organization/ca38ad9c-c3d5-4c4f-bc2f-d885218ed802,ocd-bill/343bb1dc-3052-4a5c-9443-fbdfb9d8d8db,,Massachusetts,194th
ocd-vote/58b1e20f-c415-4a14-bf75-e2f08dedc0c7,,H. 4240 On acceptance,['passage'],2025-06-30T19:58:00+00:00,pass,ocd-organization/ca38ad9c-c3d5-4c4f-bc2f-d885218ed802,ocd-bill/5436491a-7a10-4dca-99e1-1fb4cf5e8661,,Massachusetts,194th
ocd-vote/021fa817-2299-4e0e-b470-c6e2e4d3703e,,H. 4240 On passing to be enacted,['passage'],2025-06-30T21:05:00+00:00,pass,ocd-organization/ca38ad9c-c3d5-4c4f-bc2f-d885218ed802,ocd-bill/5436491a-7a10-4dca-99e1-1fb4cf5e8661,,Massachusetts,194th
ocd-vote/c0ffbd96-5a9f-42d4-8e9e-700a68c145bf,,H. 4271 On adoption of amendment #8,['passage'],2025-07-16T19:09:00+00:00,fail,ocd-organization/ca38ad9c-c3d5-4c4f-bc2f-d885218ed802,ocd-bill/1d527972-4088-4496-ad73-baba0e59d3e3,,Massachusetts,194th
ocd-vote/39758615-fe50-4924-add5-e3eaedd79f6f,,"H. 4271 On adoption of amendment #6, changed",['passage'],2025-07-16T19:19:00+00:00,pass,ocd-organization/ca38ad9c-c3d5-4c4f-bc2f-d885218ed802,ocd-bill/1d527972-4088-4496-ad73-baba0e59d3e3,,Massachusetts,194th
ocd-vote/3daf2470-756c-41eb-becc-7b495bce76cd,,S. 2543 On passing to be engrossed,['passage'],2025-07-16T19:25:00+00:00,pass,ocd-organization/ca38ad9c-c3d5-4c4f-bc2f-d885218ed802,ocd-bill/f202dcef-fd72-43dc-b860-f9a52e947b0c,,Massachusetts,194th
ocd-vote/00a74cde-d20c-4238-8566-07f1dc1b1a3f,,Passing the bill to be engrossed,['passage'],2025-07-17,pass,ocd-organization/1a75ab3a-669b-43fe-ac8d-31a2d6923d9a,ocd-bill/f87c5d42-caa9-4974-bfe8-63334ac50f53,,Massachusetts,194th
ocd-vote/ffbf381f-2faf-441a-b8b2-059e729f36dd,,Passing the bill to be engrossed,['passage'],2025-07-17,pass,ocd-organization/1a75ab3a-669b-43fe-ac8d-31a2d6923d9a,ocd-bill/1d3c8c00-e140-47c4-9679-c8fc1db83369,,Massachusetts,194th
ocd-vote/897c11a6-4603-436c-b4b4-b16cfe98d703,,H. 4307 On passing to be engrossed,['passage'],2025-07-23T17:58:00+00:00,pass,ocd-organization/ca38ad9c-c3d5-4c4f-bc2f-d885218ed802,ocd-bill/f3a968d4-6039-40c1-ba3d-896d6ac7bd22,,Massachusetts,194th
ocd-vote/0e3c0c46-62aa-42f8-b485-fdbec61fbd6a,,"Ordering the bill to a third reading, mr. moore moved that the proposed new draft be amended by inserting before section 1 the following section:“section a1. section 116i of chapter 6 of the general laws, as appearing in the 2022 official edition, is hereby amended by adding the following paragraph:not less than every 5 years, the municipal police training committee shall develop and establish within its specialized training curriculum available to all law enforcement officers instruction on the blue envelope program established in section 56a of chapter 6c.” after remarks, the question on adoption of the amendment",['amendment'],2025-07-24,pass,ocd-organization/1a75ab3a-669b-43fe-ac8d-31a2d6923d9a,ocd-bill/5ad3d113-2324-44bd-806b-2a4f402e7cc9,,Massachusetts,194th
ocd-vote/39d1d061-485f-4f60-858a-5b4dca375090,,Passing the bill to be engrossed,['passage'],2025-07-24,pass,ocd-organization/1a75ab3a-669b-43fe-ac8d-31a2d6923d9a,ocd-bill/81fbdb98-88fb-4ee0-a3b8-02455788f773,,Massachusetts,194th
ocd-vote/ff2136d6-b9f2-44cf-99b7-ec2c7c06e078,,Adoption of the amendment,['amendment'],2025-07-24,fail,ocd-organization/1a75ab3a-669b-43fe-ac8d-31a2d6923d9a,ocd-bill/5ad3d113-2324-44bd-806b-2a4f402e7cc9,,Massachusetts,194th
ocd-vote/47701ca1-b099-41df-97da-3bfd66853e50,,Passing the bill to be engrossed,['passage'],2025-07-24,pass,ocd-organization/1a75ab3a-669b-43fe-ac8d-31a2d6923d9a,ocd-bill/f08bcad8-4519-4d66-93b6-b8aed31b0475,,Massachusetts,194th
ocd-vote/903af3c6-b289-4135-ac54-950aaad633d2,,H. 4361 On passing to be engrossed,['passage'],2025-07-30T18:01:00+00:00,pass,ocd-organization/ca38ad9c-c3d5-4c4f-bc2f-d885218ed802,ocd-bill/cd0ffbce-e8b8-412e-b27d-e2ea94205857,,Massachusetts,194th
ocd-vote/dfc9a191-6bcf-4167-8532-5f53cf524bc6,,H. 4360 On passing to be engrossed,['passage'],2025-07-30T18:29:00+00:00,pass,ocd-organization/ca38ad9c-c3d5-4c4f-bc2f-d885218ed802,ocd-bill/c92c757e-cfad-4bf8-92f2-44ef79826aef,,Massachusetts,194th
ocd-vote/93a3ebb7-a466-49e8-aea4-9c253d3979dc,,Passing the bill to be engrossed,['passage'],2025-07-31,pass,ocd-organization/1a75ab3a-669b-43fe-ac8d-31a2d6923d9a,ocd-bill/02c1b339-0ee8-45a4-870f-72b71b2849b6,,Massachusetts,194th
ocd-vote/ebd84ab3-c9b9-47db-87bb-a30191034750,,Passing it to be enacted,['passage'],2025-07-31,pass,ocd-organization/1a75ab3a-669b-43fe-ac8d-31a2d6923d9a,ocd-bill/ee784a03-3270-49c3-b0e8-b154aa3b2e00,,Massachusetts,194th
ocd-vote/f8293174-a70b-4ef3-b391-20e90278cfca,,H. 4307 On passing to be enacted,['passage'],2025-07-31T17:45:00+00:00,pass,ocd-organization/ca38ad9c-c3d5-4c4f-bc2f-d885218ed802,ocd-bill/f3a968d4-6039-40c1-ba3d-896d6ac7bd22,,Massachusetts,194th
ocd-vote/c3f0ec49-accd-432a-b5cb-83f415153e41,,S. 2543 On concurrence,['passage'],2025-07-31T18:30:00+00:00,pass,ocd-organization/ca38ad9c-c3d5-4c4f-bc2f-d885218ed802,ocd-bill/f202dcef-fd72-43dc-b860-f9a52e947b0c,,Massachusetts,194th
ocd-vote/64ebd174-ff8e-4748-ae82-9736f335b3c5,,S. 2575 On acceptance,['passage'],2025-07-31T19:31:00+00:00,pass,ocd-organization/ca38ad9c-c3d5-4c4f-bc2f-d885218ed802,ocd-bill/ee784a03-3270-49c3-b0e8-b154aa3b2e00,,Massachusetts,194th
ocd-vote/da2a492f-ea17-486d-ac3c-7f8c298f9d1e,,S. 2543 On enactment,['passage'],2025-07-31T19:42:00+00:00,pass,ocd-organization/ca38ad9c-c3d5-4c4f-bc2f-d885218ed802,ocd-bill/f202dcef-fd72-43dc-b860-f9a52e947b0c,,Massachusetts,194th
ocd-vote/a5474cff-ea5f-44f4-97f5-ed3ae7ae810a,,H. 4530 On passing to be engrossed,['passage'],2025-09-17T18:35:00+00:00,pass,ocd-organization/ca38ad9c-c3d5-4c4f-bc2f-d885218ed802,ocd-bill/691a1698-32d1-47e2-8802-4ee7df2f59a8,,Massachusetts,194th
ocd-vote/c5421d61-0e1e-4839-bc89-c63ee07c9fc6,,Passing the bill to be engrossed,['passage'],2025-09-18,pass,ocd-organization/1a75ab3a-669b-43fe-ac8d-31a2d6923d9a,ocd-bill/e15611bc-e737-4c2b-b693-1d969a57e805,,Massachusetts,194th
ocd-vote/5753a781-7d24-4635-85e3-c24d138e1e58,,"Passing the bill to be engrossed, mr. rodrigues moved to amend the bill by inserting after section 1 the following 2 sections:“section 1a. section 34m of said chapter 90, as so appearing, is hereby amended by striking out, in line 2, the words ‘thirty-four a’ and inserting in place thereof the following words:- 34a or as required under section 32e. section 1b. said section 34m of said chapter 90, as so appearing, is hereby further amended by striking out, in line 32, the words ‘section thirty-four a’ and inserting in place thereof the following words:- sections 34a or 32e.” the amendment was adopted. after remarks, the question on passing the bill to be engrossed",['passage'],2025-09-18,pass,ocd-organization/1a75ab3a-669b-43fe-ac8d-31a2d6923d9a,ocd-bill/b0dacae0-542f-4d62-8c5f-2222095a3adf,,Massachusetts,194th
ocd-vote/368c7869-8af9-4044-b40b-d78d15db6305,,Passing the bill to be engrossed,['passage'],2025-09-25,pass,ocd-organization/1a75ab3a-669b-43fe-ac8d-31a2d6923d9a,ocd-bill/8d819392-f8e4-41a6-b55e-f3758ac2efdc,,Massachusetts,194th
ocd-vote/ec87af09-8bd7-484c-b5e7-cc4d895b5e5b,,H. 4240 Shall item 0330-0300 (Administrative Staff) s,['passage'],2025-10-08T17:26:00+00:00,pass,ocd-organization/ca38ad9c-c3d5-4c4f-bc2f-d885218ed802,ocd-bill/5436491a-7a10-4dca-99e1-1fb4cf5e8661,,Massachusetts,194th
ocd-vote/ab320413-f13a-41ae-96eb-8928531be4c6,,H. 4240 Shall item 1231-1000 (Sewer Rate Relief) stan,['passage'],2025-10-08T17:31:00+00:00,pass,ocd-organization/ca38ad9c-c3d5-4c4f-bc2f-d885218ed802,ocd-bill/5436491a-7a10-4dca-99e1-1fb4cf5e8661,,Massachusetts,194th
ocd-vote/fc6c1ee3-2e1a-42d6-bccf-68bbee163083,,H. 4240 Shall item 2810-0100 (State Parks and Recreat,['passage'],2025-10-08T17:35:00+00:00,pass,ocd-organization/ca38ad9c-c3d5-4c4f-bc2f-d885218ed802,ocd-bill/5436491a-7a10-4dca-99e1-1fb4cf5e8661,,Massachusetts,194th
ocd-vote/43013928-fc03-4198-a4ed-a850ea82c1f9,,H. 4240 Shall item 4000-0051 (Family Resource Centers,['passage'],2025-10-08T17:40:00+00:00,pass,ocd-organization/ca38ad9c-c3d5-4c4f-bc2f-d885218ed802,ocd-bill/5436491a-7a10-4dca-99e1-1fb4cf5e8661,,Massachusetts,194th
ocd-vote/0fd6772c-a35b-4957-b490-ea1d6913672b,,H. 4240 Shall item 4000-0641 (Nursing Facility Rate A,['passage'],2025-10-08T17:45:00+00:00,pass,ocd-organization/ca38ad9c-c3d5-4c4f-bc2f-d885218ed802,ocd-bill/5436491a-7a10-4dca-99e1-1fb4cf5e8661,,Massachusetts,194th
ocd-vote/9fc13b77-89d9-424c-b599-6a1b53801030,,H. 4240 Shall item 4110-1000 (Community Services for,['passage'],2025-10-08T17:50:00+00:00,pass,ocd-organization/ca38ad9c-c3d5-4c4f-bc2f-d885218ed802,ocd-bill/5436491a-7a10-4dca-99e1-1fb4cf5e8661,,Massachusetts,194th
ocd-vote/833389a1-27ab-4a2a-bfdb-41e8cfff2b32,,H. 4240 Shall item 4512-0200 (Bureau of Substance Add,['passage'],2025-10-08T17:54:00+00:00,pass,ocd-organization/ca38ad9c-c3d5-4c4f-bc2f-d885218ed802,ocd-bill/5436491a-7a10-4dca-99e1-1fb4cf5e8661,,Massachusetts,194th
ocd-vote/c1c1138d-c7ee-4ab2-8b47-45da04efe8a6,,H. 4240 Shall item 4513-1020 (Early Intervention Serv,['passage'],2025-10-08T18:01:00+00:00,pass,ocd-organization/ca38ad9c-c3d5-4c4f-bc2f-d885218ed802,ocd-bill/5436491a-7a10-4dca-99e1-1fb4cf5e8661,,Massachusetts,194th
ocd-vote/e23dbe0a-0088-4385-bdbf-1d806595332f,,H. 4240 Shall item 7002-1091 (Career Technical Instit,['passage'],2025-10-08T18:05:00+00:00,pass,ocd-organization/ca38ad9c-c3d5-4c4f-bc2f-d885218ed802,ocd-bill/5436491a-7a10-4dca-99e1-1fb4cf5e8661,,Massachusetts,194th
ocd-vote/0d0180be-92dc-4a8a-bcd1-dd5bcaf96485,,H. 4240 Shall item 7003-0606 (Manufacturing Partnersh,['passage'],2025-10-08T18:09:00+00:00,pass,ocd-organization/ca38ad9c-c3d5-4c4f-bc2f-d885218ed802,ocd-bill/5436491a-7a10-4dca-99e1-1fb4cf5e8661,,Massachusetts,194th
ocd-vote/2bf0e08d-918e-4dab-8044-e6f900b559d6,,H. 4240 Shall item 7004-0109 (Shelter Workforce Assis,['passage'],2025-10-08T18:13:00+00:00,pass,ocd-organization/ca38ad9c-c3d5-4c4f-bc2f-d885218ed802,ocd-bill/5436491a-7a10-4dca-99e1-1fb4cf5e8661,,Massachusetts,194th
ocd-vote/f122487b-e538-4c95-bfbc-26d60a9e8db4,,H. 4240 Shall item 7004-3036 (Housing Services and Co,['passage'],2025-10-08T18:17:00+00:00,pass,ocd-organization/ca38ad9c-c3d5-4c4f-bc2f-d885218ed802,ocd-bill/5436491a-7a10-4dca-99e1-1fb4cf5e8661,,Massachusetts,194th
ocd-vote/9d547297-abd1-4105-a449-70573984be1c,,H. 4240 Shall item 7007-0150 (Regional Economic Devel,['passage'],2025-10-08T18:23:00+00:00,pass,ocd-organization/ca38ad9c-c3d5-4c4f-bc2f-d885218ed802,ocd-bill/5436491a-7a10-4dca-99e1-1fb4cf5e8661,,Massachusetts,194th
ocd-vote/ce167467-506c-448a-b2d8-5601409f5eef,,H. 4240 Shall item 7061-9010 (Charter School Reimburs,['passage'],2025-10-08T18:29:00+00:00,pass,ocd-organization/ca38ad9c-c3d5-4c4f-bc2f-d885218ed802,ocd-bill/5436491a-7a10-4dca-99e1-1fb4cf5e8661,,Massachusetts,194th
ocd-vote/e5bef553-89a4-4a30-980e-99c1209a32d9,,H. 4240 Shall item 7077-0023 (Tufts Veterinary School,['passage'],2025-10-08T18:35:00+00:00,pass,ocd-organization/ca38ad9c-c3d5-4c4f-bc2f-d885218ed802,ocd-bill/5436491a-7a10-4dca-99e1-1fb4cf5e8661,,Massachusetts,194th
ocd-vote/0ca42bbc-013d-44dd-a0ac-ffa172deeb17,,"H. 4601 On adoption of amendment #70, chg",['passage'],2025-10-15T19:20:00+00:00,pass,ocd-organization/ca38ad9c-c3d5-4c4f-bc2f-d885218ed802,ocd-bill/74d58a78-7a5d-44af-b656-98326d3c512a,,Massachusetts,194th
ocd-vote/a4d40bbf-227c-423a-b5f7-781332eb148e,,H. 4601 On adoption of consolidated amendment A,['passage'],2025-10-15T20:07:00+00:00,pass,ocd-organization/ca38ad9c-c3d5-4c4f-bc2f-d885218ed802,ocd-bill/74d58a78-7a5d-44af-b656-98326d3c512a,,Massachusetts,194th
ocd-vote/159f2cec-0ce2-438e-8503-879f4af79f5a,,H. 4601 On adoption of consolidated amendment B,['passage'],2025-10-15T21:37:00+00:00,pass,ocd-organization/ca38ad9c-c3d5-4c4f-bc2f-d885218ed802,ocd-bill/74d58a78-7a5d-44af-b656-98326d3c512a,,Massachusetts,194th
ocd-vote/813690dc-a662-425f-8cab-14739b5ef67b,,H. 4601 On passing to be engrossed,['passage'],2025-10-15T21:41:00+00:00,pass,ocd-organization/ca38ad9c-c3d5-4c4f-bc2f-d885218ed802,ocd-bill/74d58a78-7a5d-44af-b656-98326d3c512a,,Massachusetts,194th
ocd-vote/65211f19-ceb8-4760-8812-06cc4b72bd64,,H. 4645 On passing to be engrossed,['passage'],2025-10-22T17:56:00+00:00,pass,ocd-organization/ca38ad9c-c3d5-4c4f-bc2f-d885218ed802,ocd-bill/66956d38-e70e-441f-a81f-4125a35ef3fa,,Massachusetts,194th
ocd-vote/09ce8bab-df77-40c5-a566-e83a875f66f8,,"H. 4644 On adoption of amendment #17, as changed",['passage'],2025-10-22T18:54:00+00:00,pass,ocd-organization/ca38ad9c-c3d5-4c4f-bc2f-d885218ed802,ocd-bill/0e185d7b-1f37-4c39-b6db-4fbc251e6737,,Massachusetts,194th
ocd-vote/9f2a2a04-bb19-45c2-b926-18a1b56bdaa3,,"H. 4644 On adoption of amendment #5, as changed",['passage'],2025-10-22T19:03:00+00:00,pass,ocd-organization/ca38ad9c-c3d5-4c4f-bc2f-d885218ed802,ocd-bill/0e185d7b-1f37-4c39-b6db-4fbc251e6737,,Massachusetts,194th
ocd-vote/ede72fa9-8b18-4b57-a1bc-b2187bfcd9e3,,H. 4644 On passing to be engrossed,['passage'],2025-10-22T19:10:00+00:00,pass,ocd-organization/ca38ad9c-c3d5-4c4f-bc2f-d885218ed802,ocd-bill/0e185d7b-1f37-4c39-b6db-4fbc251e6737,,Massachusetts,194th
ocd-vote/13fc0a58-6c18-4dd9-8f08-96f2d1f626ed,,H. 4670 On passing to be engrossed,['passage'],2025-10-29T19:14:00+00:00,pass,ocd-organization/ca38ad9c-c3d5-4c4f-bc2f-d885218ed802,ocd-bill/d2c84994-5e25-4632-ac4a-95d722c483b5,,Massachusetts,194th
ocd-vote/754c684c-e974-41bf-881e-18089444b662,,H. 4671 On passing to be engrossed,['passage'],2025-10-29T19:27:00+00:00,pass,ocd-organization/ca38ad9c-c3d5-4c4f-bc2f-d885218ed802,ocd-bill/8d77f3d4-9b72-4cd7-993f-3017fc9ebaf4,,Massachusetts,194th
ocd-vote/590bd269-c0fa-483c-876b-07bcabc36614,,H. 4672 On adoption of amendment #6,['passage'],2025-10-29T20:15:00+00:00,fail,ocd-organization/ca38ad9c-c3d5-4c4f-bc2f-d885218ed802,ocd-bill/77b56ab1-96e9-46e8-8f20-e67bfaeabc85,,Massachusetts,194th
ocd-vote/69c4ab57-738d-45b1-844e-cb81eb533171,,"H. 4672 On adoption of amendment #9, chg",['passage'],2025-10-29T20:26:00+00:00,pass,ocd-organization/ca38ad9c-c3d5-4c4f-bc2f-d885218ed802,ocd-bill/77b56ab1-96e9-46e8-8f20-e67bfaeabc85,,Massachusetts,194th
ocd-vote/46ed9002-bbf6-469d-af44-979afbd75581,,"H. 4672 On adoption of amendment #8, chg",['passage'],2025-10-29T20:32:00+00:00,pass,ocd-organization/ca38ad9c-c3d5-4c4f-bc2f-d885218ed802,ocd-bill/77b56ab1-96e9-46e8-8f20-e67bfaeabc85,,Massachusetts,194th
ocd-vote/0f3d633d-3102-4567-8d13-6a9f31994d6e,,"H. 4672 On adoption of amendment #10, chg",['passage'],2025-10-29T20:35:00+00:00,pass,ocd-organization/ca38ad9c-c3d5-4c4f-bc2f-d885218ed802,ocd-bill/77b56ab1-96e9-46e8-8f20-e67bfaeabc85,,Massachusetts,194th
ocd-vote/dfdbaf76-5a74-40fc-b134-0897dded29b4,,"H. 4672 On adoption of amendment #12, chg",['passage'],2025-10-29T20:41:00+00:00,pass,ocd-organization/ca38ad9c-c3d5-4c4f-bc2f-d885218ed802,ocd-bill/77b56ab1-96e9-46e8-8f20-e67bfaeabc85,,Massachusetts,194th
ocd-vote/1eb66213-6dc8-44c0-bb5a-4936eff1fe4d,,H. 4672 On passing to be engrossed,['passage'],2025-10-29T20:44:00+00:00,pass,ocd-organization/ca38ad9c-c3d5-4c4f-bc2f-d885218ed802,ocd-bill/77b56ab1-96e9-46e8-8f20-e67bfaeabc85,,Massachusetts,194th
ocd-vote/8e13cd8b-1ae9-4435-8f7d-c905cd26144d,,S. 2563 On passing to be engrossed as amended,['passage'],2025-11-05T19:41:00+00:00,pass,ocd-organization/ca38ad9c-c3d5-4c4f-bc2f-d885218ed802,ocd-bill/90267909-0cbb-4c7c-b7fb-d96942583921,,Massachusetts,194th
ocd-vote/b9e51f8c-d009-4f97-b96e-c2e836619088,,"H. 4706 On adoption of amendment #5, chg",['passage'],2025-11-05T20:17:00+00:00,pass,ocd-organization/ca38ad9c-c3d5-4c4f-bc2f-d885218ed802,ocd-bill/c2927836-495d-4cd4-baeb-37e96f7b077b,,Massachusetts,194th
ocd-vote/a6d6b977-3c48-461a-b649-81b052fc3ce7,,H. 4706 On passing to be engrossed,['passage'],2025-11-05T20:21:00+00:00,pass,ocd-organization/ca38ad9c-c3d5-4c4f-bc2f-d885218ed802,ocd-bill/c2927836-495d-4cd4-baeb-37e96f7b077b,,Massachusetts,194th
ocd-vote/8f3d3961-d3a9-4914-8e02-c540674a7b4f,,H. 4750 On adoption of consolidated amendment A,['passage'],2025-11-18T21:46:00+00:00,pass,ocd-organization/ca38ad9c-c3d5-4c4f-bc2f-d885218ed802,ocd-bill/5d810b18-1946-4095-b250-bcc51856d64e,,Massachusetts,194th
ocd-vote/2991e221-346c-4559-9658-45af9b501844,,H. 4750 On passing to be engrossed,['passage'],2025-11-18T21:50:00+00:00,pass,ocd-organization/ca38ad9c-c3d5-4c4f-bc2f-d885218ed802,ocd-bill/5d810b18-1946-4095-b250-bcc51856d64e,,Massachusetts,194th
ocd-vote/a485ef29-49eb-421a-a2fd-ef717dbb0847,,H. 4761 On acceptance of the report,['passage'],2025-11-18T21:57:00+00:00,pass,ocd-organization/ca38ad9c-c3d5-4c4f-bc2f-d885218ed802,ocd-bill/21195e3d-cfcf-447c-b62a-f1145529e75b,,Massachusetts,194th
ocd-vote/cb7dfb5f-b8b6-4661-ba4d-969df18db89e,,Adoption of the amendment,['amendment'],2025-11-19,fail,ocd-organization/1a75ab3a-669b-43fe-ac8d-31a2d6923d9a,ocd-bill/50712905-bbca-4981-b04e-1e3bb8f42439,,Massachusetts,194th
ocd-vote/3d4413b8-4ccb-43a4-9b80-7e529a53213c,,Passing the bill to be enacted,['passage'],2025-11-19,pass,ocd-organization/1a75ab3a-669b-43fe-ac8d-31a2d6923d9a,ocd-bill/3cbf3980-56dc-452d-9f77-8ff0755b8b39,,Massachusetts,194th
ocd-vote/e598f057-e15e-4de2-b215-b8c00576203a,,Passing the bill to be enacted,['passage'],2025-11-19,pass,ocd-organization/1a75ab3a-669b-43fe-ac8d-31a2d6923d9a,ocd-bill/50712905-bbca-4981-b04e-1e3bb8f42439,,Massachusetts,194th
ocd-vote/8d0a0d3a-a045-4240-8718-091904b86c54,,Adoption of the amendment,['amendment'],2025-11-19,fail,ocd-organization/1a75ab3a-669b-43fe-ac8d-31a2d6923d9a,ocd-bill/4db3b227-653a-40cc-9ced-fdd429b5d157,,Massachusetts,194th
ocd-vote/606b8285-f6a7-4597-ba11-8b74f6891e49,,"Adoption of the resolutions, mr. tarr moved to amend the resolutions by inserting in line 18 after the word, “supersedes” the following:- “into perpetuity”.  8  article v applications,-rescind.  uncorrected proof. after debate, the question on adoption of the amendment",['amendment'],2025-11-19,fail,ocd-organization/1a75ab3a-669b-43fe-ac8d-31a2d6923d9a,ocd-bill/c29d1da1-7fc2-43ef-ba7c-c63b8284acab,,Massachusetts,194th
ocd-vote/ea3d7a2f-0f8e-49c0-bade-efe489c0727f,,Adoption of the amendment,['amendment'],2025-11-19,pass,ocd-organization/1a75ab3a-669b-43fe-ac8d-31a2d6923d9a,ocd-bill/aade46e5-735e-4b70-a6f1-9f1cdc66e104,,Massachusetts,194th
ocd-vote/ab1b8fc3-3549-4b18-99e9-7a4b090406b7,,Passing the bill to be enacted,['passage'],2025-11-19,pass,ocd-organization/1a75ab3a-669b-43fe-ac8d-31a2d6923d9a,ocd-bill/21195e3d-cfcf-447c-b62a-f1145529e75b,,Massachusetts,194th
ocd-vote/b6d6c6b6-3565-485c-98c6-206fa927bfdb,,"Suspension of the rule be determined by a standing vote, and it was suspended by a vote of 13 to 4.  senate rule 38a.  orders of the day. the orders of the day were further considered as follows: the house bill modernizing the commonwealth’s cannabis laws (house, no. 4206),-was again considered, the main question being on ordering the bill to a third reading. messrs. tarr, montigny, keenan and o'connor moved that the proposed new text be amended by striking, in their entirety, the following sections:- section 8, section 22, section 23, section 25, and section 26.  27  cannabis laws,-modernizing. 26  uncorrected proof. after debate, the question on adoption of the amendment",['amendment'],2025-11-19,fail,ocd-organization/1a75ab3a-669b-43fe-ac8d-31a2d6923d9a,ocd-bill/50712905-bbca-4981-b04e-1e3bb8f42439,,Massachusetts,194th
ocd-vote/2cffa784-9fb1-40a6-adba-ced648b6bbf2,,H. 4692 On adoption of the resolutions,['passage'],2025-11-19T18:39:00+00:00,pass,ocd-organization/ca38ad9c-c3d5-4c4f-bc2f-d885218ed802,ocd-bill/328d8f4c-fc77-44c3-9c69-86a5b51fabaf,,Massachusetts,194th
ocd-vote/29ac4432-3235-42c9-8de5-4cb2928b442e,,S. 2576 On Enactment Land Taking,['passage'],2025-11-19T19:53:00+00:00,pass,ocd-organization/ca38ad9c-c3d5-4c4f-bc2f-d885218ed802,ocd-bill/4db3b227-653a-40cc-9ced-fdd429b5d157,,Massachusetts,194th
ocd-vote/55483f11-0437-407b-9c6c-6460232f5973,,H. 4761 On Enactment,['passage'],2025-11-19T20:13:00+00:00,pass,ocd-organization/ca38ad9c-c3d5-4c4f-bc2f-d885218ed802,ocd-bill/21195e3d-cfcf-447c-b62a-f1145529e75b,,Massachusetts,194th
ocd-vote/54681422-fba5-46d3-963f-c71faaa6d832,,H. 4767 On passing to be engrossed,['passage'],2025-11-19T21:03:00+00:00,pass,ocd-organization/ca38ad9c-c3d5-4c4f-bc2f-d885218ed802,ocd-bill/d2f0d161-a6f6-421f-b15e-e318989d0246,,Massachusetts,194th
ocd-vote/aeab9d6f-be14-411b-91c5-3fed26b19d52,,H. 4362 On Enactment Land Taking,['passage'],2025-11-19T22:48:00+00:00,pass,ocd-organization/ca38ad9c-c3d5-4c4f-bc2f-d885218ed802,ocd-bill/98eac788-8f54-495c-8b4f-73cdeb7ad28e,,Massachusetts,194th
ocd-vote/90f6ed45-8911-4cba-b9bf-00353b45eefa,,H. 4772 On Enactment Land Taking,['passage'],2025-11-19T23:52:00+00:00,pass,ocd-organization/ca38ad9c-c3d5-4c4f-bc2f-d885218ed802,ocd-bill/3cbf3980-56dc-452d-9f77-8ff0755b8b39,,Massachusetts,194th
ocd-vote/cb8ebb27-c998-45b5-9e3b-f7884643ae20,,H. 3417 On passing to be engrossed,['passage'],2026-01-28T19:02:00+00:00,pass,ocd-organization/ca38ad9c-c3d5-4c4f-bc2f-d885218ed802,ocd-bill/089a8feb-44ff-4b0e-ac0b-eb83d5b3b9b6,,Massachusetts,194th
ocd-vote/a7cc84fb-544a-46e7-851b-f7d0786cf6c9,,H. 4994 On passing to be engrossed,['passage'],2026-01-28T19:50:00+00:00,pass,ocd-organization/ca38ad9c-c3d5-4c4f-bc2f-d885218ed802,ocd-bill/4ad57744-cbcc-4ae3-86a4-bf09692f161f,,Massachusetts,194th
ocd-vote/6d408105-c0cf-4309-8a55-142bc726672a,,H. 4314 On Enactment Land Taking,['passage'],2026-01-28T20:27:00+00:00,pass,ocd-organization/ca38ad9c-c3d5-4c4f-bc2f-d885218ed802,ocd-bill/91279233-21d2-42cc-a74b-fd237e927df2,,Massachusetts,194th
ocd-vote/7527aca9-a67b-46bd-8dbc-320e4fec9ddb,,H. 4993 On adoption of amendment #1,['passage'],2026-01-28T20:49:00+00:00,fail,ocd-organization/ca38ad9c-c3d5-4c4f-bc2f-d885218ed802,ocd-bill/591e69e6-9c59-490f-9f54-ccaa40f14a12,,Massachusetts,194th
ocd-vote/085af8a3-93d8-4466-9e06-da2f1d62c921,,H. 4993 On passing to be engrossed,['passage'],2026-01-28T20:59:00+00:00,pass,ocd-organization/ca38ad9c-c3d5-4c4f-bc2f-d885218ed802,ocd-bill/591e69e6-9c59-490f-9f54-ccaa40f14a12,,Massachusetts,194th
ocd-vote/06c8e250-76b8-4601-9bc1-a361ec2d57d8,,Passing the bill to be engrossed,['passage'],2026-01-29,pass,ocd-organization/1a75ab3a-669b-43fe-ac8d-31a2d6923d9a,ocd-bill/4081794f-44b2-40ce-a784-87ea209ee5c3,,Massachusetts,194th
ocd-vote/354d3295-8aaa-4bee-b44d-8b7915db33c7,,Adoption of the amendment,['amendment'],2026-01-29,pass,ocd-organization/1a75ab3a-669b-43fe-ac8d-31a2d6923d9a,ocd-bill/4081794f-44b2-40ce-a784-87ea209ee5c3,,Massachusetts,194th
ocd-vote/87a8460d-d7de-4177-8646-d81ac2bd187f,,Passing the bill to be engrossed,['passage'],2026-01-29,pass,ocd-organization/1a75ab3a-669b-43fe-ac8d-31a2d6923d9a,ocd-bill/49246c41-7ff1-4b92-b291-9b144d2eed47,,Massachusetts,194th
ocd-vote/cdf5e116-8943-4d9b-b32d-f275f5019198,,Passing it to be enacted,['passage'],2026-01-29,pass,ocd-organization/1a75ab3a-669b-43fe-ac8d-31a2d6923d9a,ocd-bill/91279233-21d2-42cc-a74b-fd237e927df2,,Massachusetts,194th
ocd-vote/fb1c8331-d8d6-4ec3-ba5a-d38d309d9a1d,,H. 5094 On passing to be engrossed,['passage'],2026-02-11T20:28:00+00:00,pass,ocd-organization/ca38ad9c-c3d5-4c4f-bc2f-d885218ed802,ocd-bill/afbb97d1-d201-4879-bdaa-4f929451fd13,,Massachusetts,194th
ocd-vote/dfe22731-d22f-4a52-b178-8b1b22d9e46c,,H. 5093 On adoption of amendment #1,['passage'],2026-02-11T20:50:00+00:00,fail,ocd-organization/ca38ad9c-c3d5-4c4f-bc2f-d885218ed802,ocd-bill/dd28e5b2-4c81-4a9e-adc7-561fa7582f51,,Massachusetts,194th
ocd-vote/acca4176-1372-4664-994e-cb291b2b40a0,,H. 5093 On adoption of amendment #3,['passage'],2026-02-11T21:02:00+00:00,fail,ocd-organization/ca38ad9c-c3d5-4c4f-bc2f-d885218ed802,ocd-bill/dd28e5b2-4c81-4a9e-adc7-561fa7582f51,,Massachusetts,194th
ocd-vote/02ed7302-edc0-44fd-bc2c-372d53738d7b,,H. 5093 On passing to be engrossed,['passage'],2026-02-11T21:08:00+00:00,pass,ocd-organization/ca38ad9c-c3d5-4c4f-bc2f-d885218ed802,ocd-bill/dd28e5b2-4c81-4a9e-adc7-561fa7582f51,,Massachusetts,194th
ocd-vote/d26a1895-6784-416f-a0f0-57c4798a2721,,"Adoption of the amendment previously recommended by the committee on ways and means substituting a new draft with the same title (senate, no. 2945), and pending the main question on ordering the bill to a third reading, mr. tarr moved to amend the pending new draft by striking, in line 16, “175,000 miles” and by inserting in place thereof the following:- “150,000 miles”. after remarks, the amendment was rejected. the ways and means amendment was then adopted. the bill (senate, no. 2945) was then ordered to a third reading and read a third time. the question on passing the bill to be engrossed",['passage'],2026-02-12,pass,ocd-organization/1a75ab3a-669b-43fe-ac8d-31a2d6923d9a,ocd-bill/7a979912-7d61-4ab0-bc82-486d9a05616a,,Massachusetts,194th
ocd-vote/9b3ab02f-9450-4dbf-bb70-a2cfaa64488b,,Passing the bill to be engrossed,['passage'],2026-02-12,pass,ocd-organization/1a75ab3a-669b-43fe-ac8d-31a2d6923d9a,ocd-bill/3645cceb-5fc7-44f8-8364-83323139d770,,Massachusetts,194th
ocd-vote/b1fec063-7d1d-4fcc-b9ec-29248acdac03,,Passing the bill to be engrossed,['passage'],2026-02-12,pass,ocd-organization/1a75ab3a-669b-43fe-ac8d-31a2d6923d9a,ocd-bill/67b3bc22-8688-475f-bac8-ea1967d8f9f8,,Massachusetts,194th
ocd-vote/a114c204-dd5b-42a9-8271-ee08014cce18,,Adoption of the amendment,['amendment'],2026-02-12,fail,ocd-organization/1a75ab3a-669b-43fe-ac8d-31a2d6923d9a,ocd-bill/67b3bc22-8688-475f-bac8-ea1967d8f9f8,,Massachusetts,194th
ocd-vote/85493fee-dc20-4ea2-b5ed-4a7087b4e492,,H. 5151 On adoption of amendment #24,['passage'],2026-02-26T22:31:00+00:00,fail,ocd-organization/ca38ad9c-c3d5-4c4f-bc2f-d885218ed802,ocd-bill/109bed00-dc9c-455e-93c4-5a2a00334061,,Massachusetts,194th
ocd-vote/3376729f-0c86-412c-8430-f3c0cf97789f,,H. 5151 On adoption of amendment #13,['passage'],2026-02-26T22:42:00+00:00,fail,ocd-organization/ca38ad9c-c3d5-4c4f-bc2f-d885218ed802,ocd-bill/109bed00-dc9c-455e-93c4-5a2a00334061,,Massachusetts,194th
ocd-vote/9429699a-fd7d-422f-a101-b331cdd67c20,,H. 5151 On adoption of amendment #105,['passage'],2026-02-26T22:54:00+00:00,fail,ocd-organization/ca38ad9c-c3d5-4c4f-bc2f-d885218ed802,ocd-bill/109bed00-dc9c-455e-93c4-5a2a00334061,,Massachusetts,194th
ocd-vote/8ae7faa3-61af-48c7-a148-02ad3edebf10,,H. 5151 On adoption of Consolidated Amendment A,['passage'],2026-02-26T23:14:00+00:00,pass,ocd-organization/ca38ad9c-c3d5-4c4f-bc2f-d885218ed802,ocd-bill/109bed00-dc9c-455e-93c4-5a2a00334061,,Massachusetts,194th
ocd-vote/cd6aad54-4db7-4917-92f0-ae8a84d4ad78,,H. 5151 On adoption of amendment #8,['passage'],2026-02-27T00:29:00+00:00,fail,ocd-organization/ca38ad9c-c3d5-4c4f-bc2f-d885218ed802,ocd-bill/109bed00-dc9c-455e-93c4-5a2a00334061,,Massachusetts,194th
ocd-vote/b68d3b40-790c-4e50-896a-5553fd1fbaeb,,H. 5151 On adoption of amendment #21,['passage'],2026-02-27T00:38:00+00:00,fail,ocd-organization/ca38ad9c-c3d5-4c4f-bc2f-d885218ed802,ocd-bill/109bed00-dc9c-455e-93c4-5a2a00334061,,Massachusetts,194th
ocd-vote/b184e5de-3fad-4270-a99e-de1a60f46e46,,H. 5151 On adoption of amendment #38,['passage'],2026-02-27T00:49:00+00:00,fail,ocd-organization/ca38ad9c-c3d5-4c4f-bc2f-d885218ed802,ocd-bill/109bed00-dc9c-455e-93c4-5a2a00334061,,Massachusetts,194th
ocd-vote/d7702dce-2ea5-4cbf-9c44-8e15b3c29d2c,,H. 5151 On adoption of Consolidated Amendment B,['passage'],2026-02-27T01:00:00+00:00,pass,ocd-organization/ca38ad9c-c3d5-4c4f-bc2f-d885218ed802,ocd-bill/109bed00-dc9c-455e-93c4-5a2a00334061,,Massachusetts,194th
ocd-vote/d1206143-27d9-4d51-b704-28eba1c9b41b,,H. 5151 On adoption of amendment #113,['passage'],2026-02-27T01:59:00+00:00,fail,ocd-organization/ca38ad9c-c3d5-4c4f-bc2f-d885218ed802,ocd-bill/109bed00-dc9c-455e-93c4-5a2a00334061,,Massachusetts,194th
ocd-vote/89c2fac8-08b5-4e87-afb5-7c7973ffe34e,,H. 5151 On adoption of amendment #7,['passage'],2026-02-27T02:24:00+00:00,fail,ocd-organization/ca38ad9c-c3d5-4c4f-bc2f-d885218ed802,ocd-bill/109bed00-dc9c-455e-93c4-5a2a00334061,,Massachusetts,194th
ocd-vote/36896193-27cd-4ec4-8449-b74a9556ab1d,,H. 5151 On adoption of amendment #78,['passage'],2026-02-27T02:39:00+00:00,fail,ocd-organization/ca38ad9c-c3d5-4c4f-bc2f-d885218ed802,ocd-bill/109bed00-dc9c-455e-93c4-5a2a00334061,,Massachusetts,194th
ocd-vote/601a03e9-27fb-4eaa-8d72-7bd947ff6d61,,H. 5151 On adoption of amendment #46,['passage'],2026-02-27T02:47:00+00:00,fail,ocd-organization/ca38ad9c-c3d5-4c4f-bc2f-d885218ed802,ocd-bill/109bed00-dc9c-455e-93c4-5a2a00334061,,Massachusetts,194th
ocd-vote/2629f2a1-84ae-40d8-aa55-9e02fafbea9a,,H. 5151 On adoption of amendment #101,['passage'],2026-02-27T02:55:00+00:00,fail,ocd-organization/ca38ad9c-c3d5-4c4f-bc2f-d885218ed802,ocd-bill/109bed00-dc9c-455e-93c4-5a2a00334061,,Massachusetts,194th
ocd-vote/d90749a7-9415-41e7-9d3f-bbb08feb8e0f,,H. 5151 On adoption of amendment #109,['passage'],2026-02-27T03:03:00+00:00,fail,ocd-organization/ca38ad9c-c3d5-4c4f-bc2f-d885218ed802,ocd-bill/109bed00-dc9c-455e-93c4-5a2a00334061,,Massachusetts,194th
ocd-vote/ef41dce3-b5c8-4f61-a252-3911de6464a0,,H. 5151 On adoption of Consolidated Amendment C,['passage'],2026-02-27T03:07:00+00:00,pass,ocd-organization/ca38ad9c-c3d5-4c4f-bc2f-d885218ed802,ocd-bill/109bed00-dc9c-455e-93c4-5a2a00334061,,Massachusetts,194th
ocd-vote/743846c8-72fe-4f10-9d14-14f57367a83b,,H. 5151 as amended On passing to be engrossed,['passage'],2026-02-27T03:12:00+00:00,pass,ocd-organization/ca38ad9c-c3d5-4c4f-bc2f-d885218ed802,ocd-bill/109bed00-dc9c-455e-93c4-5a2a00334061,,Massachusetts,194th
ocd-vote/0da0a142-5dd2-45b0-8242-a9c77578b8ee,,Passing the bill to be engrossed,['passage'],2026-03-19,pass,ocd-organization/1a75ab3a-669b-43fe-ac8d-31a2d6923d9a,ocd-bill/e4bd1457-afbc-482b-9be7-ec2632e9e725,,Massachusetts,194th
ocd-vote/ccb4035b-fa7c-4123-9b05-41d2b6bf8b4c,,Passing the,[],2026-03-19,pass,ocd-organization/1a75ab3a-669b-43fe-ac8d-31a2d6923d9a,ocd-bill/da7b934a-b53f-47b3-8a42-fea5d3e21916,,Massachusetts,194th
ocd-vote/88e7521d-7df4-4efc-a182-969ab882e2cd,,Passing the bill to be engrossed,['passage'],2026-04-01,pass,ocd-organization/1a75ab3a-669b-43fe-ac8d-31a2d6923d9a,ocd-bill/bf15d1f8-5095-4038-ab45-0f5c692f14bc,,Massachusetts,194th
ocd-vote/93fc14cc-f699-4e77-8572-9e52d67407a3,,Adoption of the amendment,['amendment'],2026-04-01,pass,ocd-organization/1a75ab3a-669b-43fe-ac8d-31a2d6923d9a,ocd-bill/bf15d1f8-5095-4038-ab45-0f5c692f14bc,,Massachusetts,194th
ocd-vote/ce215566-1a4c-42a0-87f4-3f849846fcd6,,Adoption of the amendment,['amendment'],2026-04-01,pass,ocd-organization/1a75ab3a-669b-43fe-ac8d-31a2d6923d9a,ocd-bill/57681bc3-365f-408a-b14c-4e72b3f620f6,,Massachusetts,194th
