created_at,updated_at,extras,id,name,parent_id,jurisdiction_id,classification,sources,links,other_names
2023-02-23 02:05:17.147721+00:00,2024-10-09 23:57:52.349806+00:00,{},ocd-organization/a46f83cb-7a71-42f2-8ef0-b976a668e8e6,Joint Committee on Higher Education,ocd-organization/9c4e7b53-9912-4394-a40a-14b5ecdb8aba,ocd-jurisdiction/country:us/state:ma/government,committee,"[{'url': 'https://malegislature.gov/Committees/Detail/J29', 'note': 'Committee Details Page'}]","[{'url': 'https://malegislature.gov/Committees/Detail/J29', 'note': 'homepage'}]","[{'name': 'Joint Committee on Higher Education', 'end_date': '', 'start_date': ''}, {'name': 'Joint Higher Education', 'end_date': '', 'start_date': ''}, {'name': 'Joint Higher Education Committee', 'end_date': '', 'start_date': ''}]"
2023-02-23 02:05:16.832020+00:00,2024-10-09 23:57:50.997575+00:00,{},ocd-organization/6c5da398-9b0d-4d38-95f0-8a43e78ed804,Joint Committee on Municipalities and Regional Government,ocd-organization/9c4e7b53-9912-4394-a40a-14b5ecdb8aba,ocd-jurisdiction/country:us/state:ma/government,committee,"[{'url': 'https://malegislature.gov/Committees/Detail/J10', 'note': 'Committee Details Page'}]","[{'url': 'https://malegislature.gov/Committees/Detail/J10', 'note': 'homepage'}]","[{'name': 'Joint Committee on Municipalities and Regional Government', 'end_date': '', 'start_date': ''}, {'name': 'Joint Municipalities and Regional Government', 'end_date': '', 'start_date': ''}, {'name': 'Joint Municipalities and Regional Government Committee', 'end_date': '', 'start_date': ''}]"
2023-02-23 02:05:26.186035+00:00,2024-10-09 23:57:49.132936+00:00,{},ocd-organization/07e9bb1e-1d5d-4da8-b534-7b012ac65142,House Committee on Intergovernmental Affairs,ocd-organization/ca38ad9c-c3d5-4c4f-bc2f-d885218ed802,ocd-jurisdiction/country:us/state:ma/government,committee,"[{'url': 'https://malegislature.gov/Committees/Detail/Hxx', 'note': 'Committee Details Page'}]","[{'url': 'https://malegislature.gov/Committees/Detail/Hxx', 'note': 'homepage'}]","[{'name': 'House Committee on Intergovernmental Affairs', 'end_date': '', 'start_date': ''}, {'name': 'House Intergovernmental Affairs', 'end_date': '', 'start_date': ''}, {'name': 'House Intergovernmental Affairs Committee', 'end_date': '', 'start_date': ''}]"
2023-02-23 02:05:24.973310+00:00,2024-10-09 23:57:49.797478+00:00,{},ocd-organization/7f00b9d7-107f-4ca5-9b61-3c935cd62813,House Committee on Post Audit and Oversight,ocd-organization/ca38ad9c-c3d5-4c4f-bc2f-d885218ed802,ocd-jurisdiction/country:us/state:ma/government,committee,"[{'url': 'https://malegislature.gov/Committees/Detail/H46', 'note': 'Committee Details Page'}]","[{'url': 'https://malegislature.gov/Committees/Detail/H46', 'note': 'homepage'}, {'url': 'https://malegislature.gov/Committees/House/H46', 'note': ''}]","[{'name': 'House Committee on Post Audit and Oversight', 'end_date': '', 'start_date': ''}, {'name': 'House Post Audit and Oversight', 'end_date': '', 'start_date': ''}, {'name': 'House Post Audit and Oversight Committee', 'end_date': '', 'start_date': ''}]"
2023-02-23 02:05:25.276002+00:00,2024-12-24 13:33:01.315448+00:00,{},ocd-organization/8af73091-2fe8-4c42-a72b-c0a525aec698,House Committee on Ways and Means,ocd-organization/ca38ad9c-c3d5-4c4f-bc2f-d885218ed802,ocd-jurisdiction/country:us/state:ma/government,committee,"[{'url': 'https://malegislature.gov/Committees/Detail/H34', 'note': 'Committee Details Page'}]","[{'url': 'https://malegislature.gov/Committees/Detail/H34', 'note': 'homepage'}]","[{'name': 'House Committee on Ways and Means', 'end_date': '', 'start_date': ''}, {'name': 'House Ways and Means', 'end_date': '', 'start_date': ''}, {'name': 'House Ways and Means Committee', 'end_date': '', 'start_date': ''}]"
2023-02-23 02:05:16.518205+00:00,2024-10-09 23:57:50.152017+00:00,{},ocd-organization/ddf76f62-1b0b-4295-8696-78e5dbff277e,Joint Committee on Public Service,ocd-organization/9c4e7b53-9912-4394-a40a-14b5ecdb8aba,ocd-jurisdiction/country:us/state:ma/government,committee,"[{'url': 'https://malegislature.gov/Committees/Detail/J23', 'note': 'Committee List page of malegislature gov site'}, {'url': 'https://malegislature.gov/Committees/Detail/J23', 'note': 'Committee Details Page'}]","[{'url': 'https://malegislature.gov/Committees/Detail/J23', 'note': 'homepage'}]","[{'name': 'Joint Committee on Public Service', 'end_date': '', 'start_date': ''}, {'name': 'Joint Public Service', 'end_date': '', 'start_date': ''}, {'name': 'Joint Public Service Committee', 'end_date': '', 'start_date': ''}]"
2023-02-23 02:05:24.016150+00:00,2024-10-09 23:57:50.395945+00:00,{},ocd-organization/bdfc3c28-b84d-4ad0-9fb3-46b363e92d84,Joint Committee on Election Laws,ocd-organization/9c4e7b53-9912-4394-a40a-14b5ecdb8aba,ocd-jurisdiction/country:us/state:ma/government,committee,"[{'url': 'https://malegislature.gov/Committees/Detail/J15', 'note': 'Committee List page of malegislature gov site'}, {'url': 'https://malegislature.gov/Committees/Detail/J15', 'note': 'Committee Details Page'}]","[{'url': 'https://malegislature.gov/Committees/Detail/J15', 'note': 'homepage'}, {'url': 'https://malegislature.gov/Committees/Joint/J15', 'note': ''}]","[{'name': 'Joint Committee on Election Laws', 'end_date': '', 'start_date': ''}, {'name': 'Joint Election Laws', 'end_date': '', 'start_date': ''}, {'name': 'Joint Election Laws Committee', 'end_date': '', 'start_date': ''}]"
2023-02-23 02:05:16.197040+00:00,2024-10-09 23:57:50.621111+00:00,{},ocd-organization/c6be923e-df4d-4756-b5a1-21d29000fe58,Joint Committee on Elder Affairs,ocd-organization/9c4e7b53-9912-4394-a40a-14b5ecdb8aba,ocd-jurisdiction/country:us/state:ma/government,committee,"[{'url': 'https://malegislature.gov/Committees/Detail/J44', 'note': 'Committee Details Page'}]","[{'url': 'https://malegislature.gov/Committees/Detail/J44', 'note': 'homepage'}]","[{'name': 'Joint Committee on Elder Affairs', 'end_date': '', 'start_date': ''}, {'name': 'Joint Elder Affairs', 'end_date': '', 'start_date': ''}, {'name': 'Joint Elder Affairs Committee', 'end_date': '', 'start_date': ''}]"
2023-02-23 02:05:22.467800+00:00,2024-10-09 23:57:50.696569+00:00,{},ocd-organization/a8a1326a-4d4c-487a-b2b1-a61336c7fa88,Joint Committee on Consumer Protection and Professional Licensure,ocd-organization/9c4e7b53-9912-4394-a40a-14b5ecdb8aba,ocd-jurisdiction/country:us/state:ma/government,committee,"[{'url': 'https://malegislature.gov/Committees/Detail/J17', 'note': 'Committee List page of malegislature gov site'}, {'url': 'https://malegislature.gov/Committees/Detail/J17', 'note': 'Committee Details Page'}]","[{'url': 'https://malegislature.gov/Committees/Detail/J17', 'note': 'homepage'}]","[{'name': 'Joint Committee on Consumer Protection and Professional Licensure', 'end_date': '', 'start_date': ''}, {'name': 'Joint Consumer Protection and Professional Licensure', 'end_date': '', 'start_date': ''}, {'name': 'Joint Consumer Protection and Professional Licensure Committee', 'end_date': '', 'start_date': ''}]"
2023-02-23 02:05:23.715828+00:00,2024-10-09 23:57:50.847640+00:00,{},ocd-organization/18cb61d6-00f5-40ca-966d-4121796acecf,Joint Committee on Transportation,ocd-organization/9c4e7b53-9912-4394-a40a-14b5ecdb8aba,ocd-jurisdiction/country:us/state:ma/government,committee,"[{'url': 'https://malegislature.gov/Committees/Detail/J27', 'note': 'Committee List page of malegislature gov site'}, {'url': 'https://malegislature.gov/Committees/Detail/J27', 'note': 'Committee Details Page'}]","[{'url': 'https://malegislature.gov/Committees/Detail/J27', 'note': 'homepage'}]","[{'name': 'Joint Committee on Transportation', 'end_date': '', 'start_date': ''}, {'name': 'Joint Transportation', 'end_date': '', 'start_date': ''}, {'name': 'Joint Transportation Committee', 'end_date': '', 'start_date': ''}]"
2017-08-20 09:55:24.115402+00:00,2017-08-20 09:55:24.115420+00:00,{},ocd-organization/61a1385f-f512-4d4b-826f-3118c9a775bf,Office of the Governor,,ocd-jurisdiction/country:us/state:ma/government,executive,[],[],[]
2017-08-20 09:55:24.123826+00:00,2017-08-20 09:55:24.123840+00:00,{},ocd-organization/9c4e7b53-9912-4394-a40a-14b5ecdb8aba,Massachusetts General Court,,ocd-jurisdiction/country:us/state:ma/government,legislature,[],[],[]
2023-02-23 02:05:14.652689+00:00,2024-10-09 23:57:51.073110+00:00,{},ocd-organization/c91078c0-a42a-4904-9e96-40536ae4fdcc,Joint Committee on Health Care Financing,ocd-organization/9c4e7b53-9912-4394-a40a-14b5ecdb8aba,ocd-jurisdiction/country:us/state:ma/government,committee,"[{'url': 'https://malegislature.gov/Committees/Detail/J24', 'note': 'Committee List page of malegislature gov site'}, {'url': 'https://malegislature.gov/Committees/Detail/J24', 'note': 'Committee Details Page'}]","[{'url': 'https://malegislature.gov/Committees/Detail/J24', 'note': 'homepage'}]","[{'name': 'Joint Committee on Health Care Financing', 'end_date': '', 'start_date': ''}, {'name': 'Joint Health Care Financing', 'end_date': '', 'start_date': ''}, {'name': 'Joint Health Care Financing Committee', 'end_date': '', 'start_date': ''}]"
2023-02-23 02:05:22.157130+00:00,2024-10-09 23:57:51.152939+00:00,{},ocd-organization/f18b23ce-9828-45fc-a078-63a8155ae2aa,"Joint Committee on Advanced Information Technology, the Internet and Cybersecurity",ocd-organization/9c4e7b53-9912-4394-a40a-14b5ecdb8aba,ocd-jurisdiction/country:us/state:ma/government,committee,"[{'url': 'https://malegislature.gov/Committees/Detail/J33', 'note': 'Committee List page of malegislature gov site'}, {'url': 'https://malegislature.gov/Committees/Detail/J33', 'note': 'Committee Details Page'}]","[{'url': 'https://malegislature.gov/Committees/Detail/J33', 'note': 'homepage'}]","[{'name': 'Joint Advanced Information Technology, the Internet and Cybersecurity', 'end_date': '', 'start_date': ''}, {'name': 'Joint Advanced Information Technology, the Internet and Cybersecurity Committee', 'end_date': '', 'start_date': ''}, {'name': 'Joint Committee on Advanced Information Technology, the Internet and Cybersecurity', 'end_date': '', 'start_date': ''}]"
2023-02-23 02:05:18.413275+00:00,2024-10-09 23:57:51.380838+00:00,{},ocd-organization/79f347fa-45ce-425e-bb56-42a3c8b2dac1,Joint Committee on Cannabis Policy,ocd-organization/9c4e7b53-9912-4394-a40a-14b5ecdb8aba,ocd-jurisdiction/country:us/state:ma/government,committee,"[{'url': 'https://malegislature.gov/Committees/Detail/J50', 'note': 'Committee Details Page'}]","[{'url': 'https://malegislature.gov/Committees/Detail/J50', 'note': 'homepage'}]","[{'name': 'Joint Cannabis Policy', 'end_date': '', 'start_date': ''}, {'name': 'Joint Cannabis Policy Committee', 'end_date': '', 'start_date': ''}, {'name': 'Joint Committee on Cannabis Policy', 'end_date': '', 'start_date': ''}]"
2024-06-27 21:58:21.564494+00:00,2024-10-09 23:57:52.807678+00:00,{},ocd-organization/6d03002e-afdb-4b4c-983a-663b3816a929,Initiative Petitions Special,ocd-organization/9c4e7b53-9912-4394-a40a-14b5ecdb8aba,ocd-jurisdiction/country:us/state:ma/government,committee,[],"[{'url': 'https://malegislature.gov/Committees/Detail/SJ42', 'note': ''}]","[{'name': 'Joint Committee on Initiative Petitions Special', 'end_date': '', 'start_date': ''}, {'name': 'Joint Initiative Petitions Special', 'end_date': '', 'start_date': ''}, {'name': 'Joint Initiative Petitions Special Committee', 'end_date': '', 'start_date': ''}]"
2023-02-23 02:05:21.203780+00:00,2024-10-09 23:57:51.306636+00:00,{},ocd-organization/e8c586f2-1e2b-4e1c-82f0-3140c7e331e2,Joint Committee on Labor and Workforce Development,ocd-organization/9c4e7b53-9912-4394-a40a-14b5ecdb8aba,ocd-jurisdiction/country:us/state:ma/government,committee,"[{'url': 'https://malegislature.gov/Committees/Detail/J43', 'note': 'Committee List page of malegislature gov site'}, {'url': 'https://malegislature.gov/Committees/Detail/J43', 'note': 'Committee Details Page'}]","[{'url': 'https://malegislature.gov/Committees/Detail/J43', 'note': 'homepage'}]","[{'name': 'Joint Committee on Labor and Workforce Development', 'end_date': '', 'start_date': ''}, {'name': 'Joint Labor and Workforce Development', 'end_date': '', 'start_date': ''}, {'name': 'Joint Labor and Workforce Development Committee', 'end_date': '', 'start_date': ''}]"
2023-02-23 02:05:21.518271+00:00,2024-10-09 23:57:52.576899+00:00,{},ocd-organization/4f38ea22-cb65-4e33-8735-8ccf49ad6652,Joint Committee on State Administration and Regulatory Oversight,ocd-organization/9c4e7b53-9912-4394-a40a-14b5ecdb8aba,ocd-jurisdiction/country:us/state:ma/government,committee,"[{'url': 'https://malegislature.gov/Committees/Detail/J25', 'note': 'Committee Details Page'}]","[{'url': 'https://malegislature.gov/Committees/Detail/J25', 'note': 'homepage'}]","[{'name': 'Joint Committee on State Administration and Regulatory Oversight', 'end_date': '', 'start_date': ''}, {'name': 'Joint State Administration and Regulatory Oversight', 'end_date': '', 'start_date': ''}, {'name': 'Joint State Administration and Regulatory Oversight Committee', 'end_date': '', 'start_date': ''}]"
2023-02-23 02:05:22.783912+00:00,2024-10-09 23:57:50.772647+00:00,{},ocd-organization/ca15c77d-6199-4761-9cc2-6f202b7e1ca4,Joint Committee on the Judiciary,ocd-organization/9c4e7b53-9912-4394-a40a-14b5ecdb8aba,ocd-jurisdiction/country:us/state:ma/government,committee,"[{'url': 'https://malegislature.gov/Committees/Detail/J19', 'note': 'Committee Details Page'}]","[{'url': 'https://malegislature.gov/Committees/Detail/J19', 'note': 'homepage'}]","[{'name': 'Joint Committee on Judiciary', 'end_date': '', 'start_date': ''}, {'name': 'Joint Judiciary', 'end_date': '', 'start_date': ''}, {'name': 'Joint Judiciary Committee', 'end_date': '', 'start_date': ''}]"
2023-02-23 02:05:26.807848+00:00,2024-10-09 23:57:49.214651+00:00,{},ocd-organization/0a13bd08-5a8a-4d8d-b183-8857b0dbb04e,House Committee on Federal Stimulus and Census Oversight,ocd-organization/ca38ad9c-c3d5-4c4f-bc2f-d885218ed802,ocd-jurisdiction/country:us/state:ma/government,committee,"[{'url': 'https://malegislature.gov/Committees/Detail/H54', 'note': 'Committee Details Page'}]","[{'url': 'https://malegislature.gov/Committees/Detail/H54', 'note': 'homepage'}]","[{'name': 'House Committee on Federal Stimulus and Census Oversight', 'end_date': '', 'start_date': ''}, {'name': 'House Federal Stimulus and Census Oversight', 'end_date': '', 'start_date': ''}, {'name': 'House Federal Stimulus and Census Oversight Committee', 'end_date': '', 'start_date': ''}]"
2023-02-23 02:05:28.653023+00:00,2024-10-09 23:57:53.080359+00:00,{},ocd-organization/50f6c8f6-184b-45ec-8b8c-36b396271140,Senate Committee on Rules,ocd-organization/1a75ab3a-669b-43fe-ac8d-31a2d6923d9a,ocd-jurisdiction/country:us/state:ma/government,committee,"[{'url': 'https://malegislature.gov/Committees/Detail/S29', 'note': 'Committee List page of malegislature gov site'}, {'url': 'https://malegislature.gov/Committees/Detail/S29', 'note': 'Committee Details Page'}]","[{'url': 'https://malegislature.gov/Committees/Detail/S29', 'note': 'homepage'}]","[{'name': 'Senate Committee on Rules', 'end_date': '', 'start_date': ''}, {'name': 'Senate Rules', 'end_date': '', 'start_date': ''}, {'name': 'Senate Rules Committee', 'end_date': '', 'start_date': ''}]"
2023-02-23 02:05:28.357359+00:00,2024-10-09 23:57:53.163816+00:00,{},ocd-organization/3d7c28e5-33fa-464f-8ba7-e138874f5c33,Senate Committee on Ethics,ocd-organization/1a75ab3a-669b-43fe-ac8d-31a2d6923d9a,ocd-jurisdiction/country:us/state:ma/government,committee,"[{'url': 'https://malegislature.gov/Committees/Detail/S56', 'note': 'Committee List page of malegislature gov site'}, {'url': 'https://malegislature.gov/Committees/Detail/S56', 'note': 'Committee Details Page'}]","[{'url': 'https://malegislature.gov/Committees/Detail/S56', 'note': 'homepage'}]","[{'name': 'Senate Committee on Ethics', 'end_date': '', 'start_date': ''}, {'name': 'Senate Ethics', 'end_date': '', 'start_date': ''}, {'name': 'Senate Ethics Committee', 'end_date': '', 'start_date': ''}]"
2023-02-23 02:05:29.848202+00:00,2024-10-09 23:57:53.244727+00:00,{},ocd-organization/fe983efe-8024-46fc-800f-81e208590ead,Senate Committee on Personnel and Administration,ocd-organization/1a75ab3a-669b-43fe-ac8d-31a2d6923d9a,ocd-jurisdiction/country:us/state:ma/government,committee,"[{'url': 'https://malegislature.gov/Committees/Detail/S53', 'note': 'Committee Details Page'}]","[{'url': 'https://malegislature.gov/Committees/Detail/S53', 'note': 'homepage'}]","[{'name': 'Senate Committee on Personnel and Administration', 'end_date': '', 'start_date': ''}, {'name': 'Senate Personnel and Administration', 'end_date': '', 'start_date': ''}, {'name': 'Senate Personnel and Administration Committee', 'end_date': '', 'start_date': ''}]"
2023-02-23 02:05:29.245422+00:00,2024-10-09 23:57:53.699459+00:00,{},ocd-organization/b4d79d20-759a-4f62-8768-6e1ae07d5602,Senate Committee on Global Warming and Climate Change,ocd-organization/1a75ab3a-669b-43fe-ac8d-31a2d6923d9a,ocd-jurisdiction/country:us/state:ma/government,committee,"[{'url': 'https://malegislature.gov/Committees/Detail/S51', 'note': 'Committee List page of malegislature gov site'}, {'url': 'https://malegislature.gov/Committees/Detail/S51', 'note': 'Committee Details Page'}]","[{'url': 'https://malegislature.gov/Committees/Detail/S51', 'note': 'homepage'}]","[{'name': 'Senate Committee on Global Warming and Climate Change', 'end_date': '', 'start_date': ''}, {'name': 'Senate Global Warming and Climate Change', 'end_date': '', 'start_date': ''}, {'name': 'Senate Global Warming and Climate Change Committee', 'end_date': '', 'start_date': ''}]"
2023-02-23 02:05:28.949913+00:00,2024-10-09 23:57:53.000603+00:00,{},ocd-organization/942c57a2-396f-436e-a85a-2833c19f26a5,Senate Committee on Steering and Policy,ocd-organization/1a75ab3a-669b-43fe-ac8d-31a2d6923d9a,ocd-jurisdiction/country:us/state:ma/government,committee,"[{'url': 'https://malegislature.gov/Committees/Detail/S50', 'note': 'Committee List page of malegislature gov site'}, {'url': 'https://malegislature.gov/Committees/Detail/S50', 'note': 'Committee Details Page'}]","[{'url': 'https://malegislature.gov/Committees/Detail/S50', 'note': 'homepage'}]","[{'name': 'Senate Committee on Steering and Policy', 'end_date': '', 'start_date': ''}, {'name': 'Senate Steering and Policy', 'end_date': '', 'start_date': ''}, {'name': 'Senate Steering and Policy Committee', 'end_date': '', 'start_date': ''}]"
2023-02-23 02:05:30.175765+00:00,2024-10-09 23:57:53.624392+00:00,{},ocd-organization/998cfc40-6587-4582-a352-1f99cd6d6062,Senate Committee on Bills in the Third Reading,ocd-organization/1a75ab3a-669b-43fe-ac8d-31a2d6923d9a,ocd-jurisdiction/country:us/state:ma/government,committee,"[{'url': 'https://malegislature.gov/Committees/Detail/S31', 'note': 'Committee List page of malegislature gov site'}, {'url': 'https://malegislature.gov/Committees/Detail/S31', 'note': 'Committee Details Page'}]","[{'url': 'https://malegislature.gov/Committees/Detail/S31', 'note': 'homepage'}]","[{'name': 'Senate Bills in the Third Reading', 'end_date': '', 'start_date': ''}, {'name': 'Senate Bills in the Third Reading Committee', 'end_date': '', 'start_date': ''}, {'name': 'Senate Committee on Bills in the Third Reading', 'end_date': '', 'start_date': ''}]"
2023-02-23 02:05:30.477774+00:00,2024-10-09 23:57:53.549979+00:00,{},ocd-organization/274c2aa0-1665-4522-86cb-a8e041c6c8e7,Senate Committee on the Census,ocd-organization/1a75ab3a-669b-43fe-ac8d-31a2d6923d9a,ocd-jurisdiction/country:us/state:ma/government,committee,"[{'url': 'https://malegislature.gov/Committees/Detail/S65', 'note': 'Committee List page of malegislature gov site'}, {'url': 'https://malegislature.gov/Committees/Detail/S65', 'note': 'Committee Details Page'}]","[{'url': 'https://malegislature.gov/Committees/Detail/S65', 'note': 'homepage'}]","[{'name': 'Senate Census', 'end_date': '', 'start_date': ''}, {'name': 'Senate Census Committee', 'end_date': '', 'start_date': ''}, {'name': 'Senate Committee on Census', 'end_date': '', 'start_date': ''}]"
2023-02-23 02:05:23.403625+00:00,2024-10-09 23:57:51.548707+00:00,{},ocd-organization/8dfef1ac-e17c-4fee-922b-60bdf7cba01b,"Joint Committee on Bonding, Capital Expenditures and State Assets",ocd-organization/9c4e7b53-9912-4394-a40a-14b5ecdb8aba,ocd-jurisdiction/country:us/state:ma/government,committee,"[{'url': 'https://malegislature.gov/Committees/Detail/J32', 'note': 'Committee List page of malegislature gov site'}, {'url': 'https://malegislature.gov/Committees/Detail/J32', 'note': 'Committee Details Page'}]","[{'url': 'https://malegislature.gov/Committees/Detail/J32', 'note': 'homepage'}]","[{'name': 'Joint Bonding, Capital Expenditures and State Assets', 'end_date': '', 'start_date': ''}, {'name': 'Joint Bonding, Capital Expenditures and State Assets Committee', 'end_date': '', 'start_date': ''}, {'name': 'Joint Committee on Bonding, Capital Expenditures and State Assets', 'end_date': '', 'start_date': ''}]"
2023-02-23 02:05:20.884540+00:00,2024-10-09 23:57:51.712860+00:00,{},ocd-organization/936b7a4b-0e57-401c-bbff-20295aa2ad85,Joint Committee on Public Health,ocd-organization/9c4e7b53-9912-4394-a40a-14b5ecdb8aba,ocd-jurisdiction/country:us/state:ma/government,committee,"[{'url': 'https://malegislature.gov/Committees/Detail/J16', 'note': 'Committee Details Page'}]","[{'url': 'https://malegislature.gov/Committees/Detail/J16', 'note': 'homepage'}]","[{'name': 'Joint Committee on Public Health', 'end_date': '', 'start_date': ''}, {'name': 'Joint Public Health', 'end_date': '', 'start_date': ''}, {'name': 'Joint Public Health Committee', 'end_date': '', 'start_date': ''}]"
2023-02-23 02:05:15.265161+00:00,2024-10-09 23:57:51.875273+00:00,{},ocd-organization/4855a8e3-81b1-4bd9-98fb-a3e16a1bfd9d,Joint Committee on Economic Development and Emerging Technologies,ocd-organization/9c4e7b53-9912-4394-a40a-14b5ecdb8aba,ocd-jurisdiction/country:us/state:ma/government,committee,"[{'url': 'https://malegislature.gov/Committees/Detail/J12', 'note': 'Committee Details Page'}]","[{'url': 'https://malegislature.gov/Committees/Detail/J12', 'note': 'homepage'}]","[{'name': 'Joint Committee on Economic Development and Emerging Technologies', 'end_date': '', 'start_date': ''}, {'name': 'Joint Economic Development and Emerging Technologies', 'end_date': '', 'start_date': ''}, {'name': 'Joint Economic Development and Emerging Technologies Committee', 'end_date': '', 'start_date': ''}]"
2023-02-23 02:05:20.259578+00:00,2024-10-09 23:57:52.028678+00:00,{},ocd-organization/ac40128e-6625-413a-9646-407c402ce0d3,Joint Committee on Education,ocd-organization/9c4e7b53-9912-4394-a40a-14b5ecdb8aba,ocd-jurisdiction/country:us/state:ma/government,committee,"[{'url': 'https://malegislature.gov/Committees/Detail/J14', 'note': 'Committee List page of malegislature gov site'}, {'url': 'https://malegislature.gov/Committees/Detail/J14', 'note': 'Committee Details Page'}]","[{'url': 'https://malegislature.gov/Committees/Detail/J14', 'note': 'homepage'}]","[{'name': 'Joint Committee on Education', 'end_date': '', 'start_date': ''}, {'name': 'Joint Education', 'end_date': '', 'start_date': ''}, {'name': 'Joint Education Committee', 'end_date': '', 'start_date': ''}]"
2023-02-23 02:05:15.887954+00:00,2024-10-09 23:57:52.103423+00:00,{},ocd-organization/fb6517f8-bfa9-4f74-9940-ec3aebdf8e49,Joint Committee on Financial Services,ocd-organization/9c4e7b53-9912-4394-a40a-14b5ecdb8aba,ocd-jurisdiction/country:us/state:ma/government,committee,"[{'url': 'https://malegislature.gov/Committees/Detail/J11', 'note': 'Committee List page of malegislature gov site'}, {'url': 'https://malegislature.gov/Committees/Detail/J11', 'note': 'Committee Details Page'}]","[{'url': 'https://malegislature.gov/Committees/Detail/J11', 'note': 'homepage'}]","[{'name': 'Joint Committee on Financial Services', 'end_date': '', 'start_date': ''}, {'name': 'Joint Financial Services', 'end_date': '', 'start_date': ''}, {'name': 'Joint Financial Services Committee', 'end_date': '', 'start_date': ''}]"
2023-02-23 02:05:23.095603+00:00,2024-10-09 23:57:52.274248+00:00,{},ocd-organization/c634df51-4598-4e8e-951d-e477c1ff308a,Joint Committee on Rules,ocd-organization/9c4e7b53-9912-4394-a40a-14b5ecdb8aba,ocd-jurisdiction/country:us/state:ma/government,committee,"[{'url': 'https://malegislature.gov/Committees/Detail/J40', 'note': 'Committee List page of malegislature gov site'}, {'url': 'https://malegislature.gov/Committees/Detail/J40', 'note': 'Committee Details Page'}]","[{'url': 'https://malegislature.gov/Committees/Detail/J40', 'note': 'homepage'}]","[{'name': 'Joint Committee on Rules', 'end_date': '', 'start_date': ''}, {'name': 'Joint Rules', 'end_date': '', 'start_date': ''}, {'name': 'Joint Rules Committee', 'end_date': '', 'start_date': ''}]"
2023-02-23 02:05:19.024866+00:00,2024-10-09 23:57:52.732597+00:00,{},ocd-organization/d3f3da85-3dc9-46fb-ba1b-c00439dff04f,Joint Committee on Community Development and Small Businesses,ocd-organization/9c4e7b53-9912-4394-a40a-14b5ecdb8aba,ocd-jurisdiction/country:us/state:ma/government,committee,"[{'url': 'https://malegislature.gov/Committees/Detail/J47', 'note': 'Committee Details Page'}]","[{'url': 'https://malegislature.gov/Committees/Detail/J47', 'note': 'homepage'}]","[{'name': 'Joint Committee on Community Development and Small Businesses', 'end_date': '', 'start_date': ''}, {'name': 'Joint Community Development and Small Businesses', 'end_date': '', 'start_date': ''}, {'name': 'Joint Community Development and Small Businesses Committee', 'end_date': '', 'start_date': ''}]"
2023-02-23 02:05:27.760075+00:00,2024-10-09 23:57:53.319717+00:00,{},ocd-organization/ce4cab8c-dd0e-44e4-baed-9a18d583570c,Senate Committee on Post Audit and Oversight,ocd-organization/1a75ab3a-669b-43fe-ac8d-31a2d6923d9a,ocd-jurisdiction/country:us/state:ma/government,committee,"[{'url': 'https://malegislature.gov/Committees/Detail/S48', 'note': 'Committee Details Page'}]","[{'url': 'https://malegislature.gov/Committees/Detail/S48', 'note': 'homepage'}]","[{'name': 'Senate Committee on Post Audit and Oversight', 'end_date': '', 'start_date': ''}, {'name': 'Senate Post Audit and Oversight', 'end_date': '', 'start_date': ''}, {'name': 'Senate Post Audit and Oversight Committee', 'end_date': '', 'start_date': ''}]"
2017-08-20 09:55:24.270661+00:00,2020-04-29 05:09:51.110953+00:00,{},ocd-organization/ca38ad9c-c3d5-4c4f-bc2f-d885218ed802,House,ocd-organization/9c4e7b53-9912-4394-a40a-14b5ecdb8aba,ocd-jurisdiction/country:us/state:ma/government,lower,[],[],[]
2017-08-20 09:55:24.156456+00:00,2020-04-29 05:09:51.579714+00:00,{},ocd-organization/1a75ab3a-669b-43fe-ac8d-31a2d6923d9a,Senate,ocd-organization/9c4e7b53-9912-4394-a40a-14b5ecdb8aba,ocd-jurisdiction/country:us/state:ma/government,upper,[],[],[]
2023-02-23 02:05:28.059189+00:00,2024-10-09 23:57:53.398682+00:00,{},ocd-organization/79c45e59-3b83-40a4-b307-0ce893b6ed22,Senate Committee on Ways and Means,ocd-organization/1a75ab3a-669b-43fe-ac8d-31a2d6923d9a,ocd-jurisdiction/country:us/state:ma/government,committee,"[{'url': 'https://malegislature.gov/Committees/Detail/S30', 'note': 'Committee Details Page'}]","[{'url': 'https://malegislature.gov/Committees/Detail/S30', 'note': 'homepage'}]","[{'name': 'Senate Committee on Ways and Means', 'end_date': '', 'start_date': ''}, {'name': 'Senate Ways and Means', 'end_date': '', 'start_date': ''}, {'name': 'Senate Ways and Means Committee', 'end_date': '', 'start_date': ''}]"
2023-02-23 02:05:14.060123+00:00,2024-10-09 23:57:52.501930+00:00,{},ocd-organization/56b9274d-616d-468d-a7ec-446108b29fb6,Joint Committee on Housing,ocd-organization/9c4e7b53-9912-4394-a40a-14b5ecdb8aba,ocd-jurisdiction/country:us/state:ma/government,committee,"[{'url': 'https://malegislature.gov/Committees/Detail/J28', 'note': 'Committee List page of malegislature gov site'}, {'url': 'https://malegislature.gov/Committees/Detail/J28', 'note': 'Committee Details Page'}]","[{'url': 'https://malegislature.gov/Committees/Detail/J28', 'note': 'homepage'}]","[{'name': 'Joint Committee on Housing', 'end_date': '', 'start_date': ''}, {'name': 'Joint Housing', 'end_date': '', 'start_date': ''}, {'name': 'Joint Housing Committee', 'end_date': '', 'start_date': ''}]"
2023-02-23 02:05:30.773074+00:00,2024-10-09 23:57:53.473131+00:00,{},ocd-organization/44fde13c-cb4e-4638-9405-3e27ac35a4e4,Senate Committee on Juvenile and Emerging Adult Justice,ocd-organization/1a75ab3a-669b-43fe-ac8d-31a2d6923d9a,ocd-jurisdiction/country:us/state:ma/government,committee,"[{'url': 'https://malegislature.gov/Committees/Detail/S66', 'note': 'Committee Details Page'}]","[{'url': 'https://malegislature.gov/Committees/Detail/S66', 'note': 'homepage'}]","[{'name': 'Senate Committee on Juvenile and Emerging Adult Justice', 'end_date': '', 'start_date': ''}, {'name': 'Senate Juvenile and Emerging Adult Justice', 'end_date': '', 'start_date': ''}, {'name': 'Senate Juvenile and Emerging Adult Justice Committee', 'end_date': '', 'start_date': ''}]"
2023-02-23 02:05:14.355899+00:00,2024-10-09 23:57:50.546911+00:00,{},ocd-organization/308b8418-c0b4-4a22-8216-094c5ebfd9d2,Joint Committee on Revenue,ocd-organization/9c4e7b53-9912-4394-a40a-14b5ecdb8aba,ocd-jurisdiction/country:us/state:ma/government,committee,"[{'url': 'https://malegislature.gov/Committees/Detail/J26', 'note': 'Committee List page of malegislature gov site'}, {'url': 'https://malegislature.gov/Committees/Detail/J26', 'note': 'Committee Details Page'}]","[{'url': 'https://malegislature.gov/Committees/Detail/J26', 'note': 'homepage'}]","[{'name': 'Joint Committee on Revenue', 'end_date': '', 'start_date': ''}, {'name': 'Joint Revenue', 'end_date': '', 'start_date': ''}, {'name': 'Joint Revenue Committee', 'end_date': '', 'start_date': ''}]"
2023-02-23 02:05:15.579257+00:00,2024-10-09 23:57:51.231331+00:00,{},ocd-organization/f2ee53c0-8afc-4d28-b19c-4e8022eb70a5,"Joint Committee on Children, Families and Persons with Disabilities",ocd-organization/9c4e7b53-9912-4394-a40a-14b5ecdb8aba,ocd-jurisdiction/country:us/state:ma/government,committee,"[{'url': 'https://malegislature.gov/Committees/Detail/J13', 'note': 'Committee List page of malegislature gov site'}, {'url': 'https://malegislature.gov/Committees/Detail/J13', 'note': 'Committee Details Page'}]","[{'url': 'https://malegislature.gov/Committees/Detail/J13', 'note': 'homepage'}]","[{'name': 'Joint Children, Families and Persons with Disabilities', 'end_date': '', 'start_date': ''}, {'name': 'Joint Children, Families and Persons with Disabilities Committee', 'end_date': '', 'start_date': ''}, {'name': 'Joint Committee on Children, Families and Persons with Disabilities', 'end_date': '', 'start_date': ''}]"
2023-02-23 02:05:17.468123+00:00,2024-10-09 23:57:51.953111+00:00,{},ocd-organization/d95a5b0b-b5c2-4a8b-9972-5f7c6e5bd091,"Joint Committee on Tourism, Arts and Cultural Development",ocd-organization/9c4e7b53-9912-4394-a40a-14b5ecdb8aba,ocd-jurisdiction/country:us/state:ma/government,committee,"[{'url': 'https://malegislature.gov/Committees/Detail/J30', 'note': 'Committee Details Page'}]","[{'url': 'https://malegislature.gov/Committees/Detail/J30', 'note': 'homepage'}]","[{'name': 'Joint Committee on Tourism, Arts and Cultural Development', 'end_date': '', 'start_date': ''}, {'name': 'Joint Tourism, Arts and Cultural Development', 'end_date': '', 'start_date': ''}, {'name': 'Joint Tourism, Arts and Cultural Development Committee', 'end_date': '', 'start_date': ''}]"
2023-02-23 02:05:17.775528+00:00,2024-10-09 23:57:50.320423+00:00,{},ocd-organization/728048c4-ef81-4a01-99c2-3926c611d8c9,"Joint Committee on Racial Equity, Civil Rights, and Inclusion",ocd-organization/9c4e7b53-9912-4394-a40a-14b5ecdb8aba,ocd-jurisdiction/country:us/state:ma/government,committee,"[{'url': 'https://malegislature.gov/Committees/Detail/J34', 'note': 'Committee List page of malegislature gov site'}, {'url': 'https://malegislature.gov/Committees/Detail/J34', 'note': 'Committee Details Page'}]","[{'url': 'https://malegislature.gov/Committees/Detail/J34', 'note': 'homepage'}]","[{'name': 'Joint Committee on Racial Equity, Civil Rights and Inclusion', 'end_date': '', 'start_date': ''}, {'name': 'Joint Racial Equity, Civil Rights and Inclusion', 'end_date': '', 'start_date': ''}, {'name': 'Joint Racial Equity, Civil Rights and Inclusion Committee', 'end_date': '', 'start_date': ''}]"
2023-02-23 02:05:18.096762+00:00,2024-10-09 23:57:50.472189+00:00,{},ocd-organization/6bd23126-2197-4c8e-88b1-b1c5966e4507,"Joint Committee on Mental Health, Substance Use and Recovery",ocd-organization/9c4e7b53-9912-4394-a40a-14b5ecdb8aba,ocd-jurisdiction/country:us/state:ma/government,committee,"[{'url': 'https://malegislature.gov/Committees/Detail/J18', 'note': 'Committee List page of malegislature gov site'}, {'url': 'https://malegislature.gov/Committees/Detail/J18', 'note': 'Committee Details Page'}]","[{'url': 'https://malegislature.gov/Committees/Detail/J18', 'note': 'homepage'}]","[{'name': 'Joint Committee on Mental Health, Substance Use and Recovery', 'end_date': '', 'start_date': ''}, {'name': 'Joint Mental Health, Substance Use and Recovery', 'end_date': '', 'start_date': ''}, {'name': 'Joint Mental Health, Substance Use and Recovery Committee', 'end_date': '', 'start_date': ''}]"
2023-02-23 02:05:18.717416+00:00,2024-10-09 23:57:52.424892+00:00,{},ocd-organization/3da8568f-5140-4be0-bca1-032cec995818,Joint Committee on Veterans and Federal Affairs,ocd-organization/9c4e7b53-9912-4394-a40a-14b5ecdb8aba,ocd-jurisdiction/country:us/state:ma/government,committee,"[{'url': 'https://malegislature.gov/Committees/Detail/J31', 'note': 'Committee Details Page'}]","[{'url': 'https://malegislature.gov/Committees/Detail/J31', 'note': 'homepage'}]","[{'name': 'Joint Committee on Veterans and Federal Affairs', 'end_date': '', 'start_date': ''}, {'name': 'Joint Veterans and Federal Affairs', 'end_date': '', 'start_date': ''}, {'name': 'Joint Veterans and Federal Affairs Committee', 'end_date': '', 'start_date': ''}]"
2023-02-23 02:05:19.957330+00:00,2024-10-09 23:57:51.464854+00:00,{},ocd-organization/4a29c954-d3ef-43e6-99da-47805329fe12,Joint Committee on Public Safety and Homeland Security,ocd-organization/9c4e7b53-9912-4394-a40a-14b5ecdb8aba,ocd-jurisdiction/country:us/state:ma/government,committee,"[{'url': 'https://malegislature.gov/Committees/Detail/J22', 'note': 'Committee Details Page'}]","[{'url': 'https://malegislature.gov/Committees/Detail/J22', 'note': 'homepage'}]","[{'name': 'Joint Committee on Public Safety and Homeland Security', 'end_date': '', 'start_date': ''}, {'name': 'Joint Public Safety and Homeland Security', 'end_date': '', 'start_date': ''}, {'name': 'Joint Public Safety and Homeland Security Committee', 'end_date': '', 'start_date': ''}]"
2023-02-23 02:05:26.491762+00:00,2024-10-09 23:57:48.975618+00:00,{},ocd-organization/ed58689a-2e66-4526-b792-34a0274dc3ba,House Committee on Bills in the Third Reading,ocd-organization/ca38ad9c-c3d5-4c4f-bc2f-d885218ed802,ocd-jurisdiction/country:us/state:ma/government,committee,"[{'url': 'https://malegislature.gov/Committees/Detail/H36', 'note': 'Committee List page of malegislature gov site'}, {'url': 'https://malegislature.gov/Committees/Detail/H36', 'note': 'Committee Details Page'}]","[{'url': 'https://malegislature.gov/Committees/Detail/H36', 'note': 'homepage'}, {'url': 'https://malegislature.gov/Committees/House/H36', 'note': ''}]","[{'name': 'House Bills in the Third Reading', 'end_date': '', 'start_date': ''}, {'name': 'House Bills in the Third Reading Committee', 'end_date': '', 'start_date': ''}, {'name': 'House Committee on Bills in the Third Reading', 'end_date': '', 'start_date': ''}]"
2023-02-23 02:05:24.360671+00:00,2024-10-09 23:57:49.058816+00:00,{},ocd-organization/3c234c9e-e260-4563-b380-08743df0955e,"House Committee on Operations, Facilities and Security",ocd-organization/ca38ad9c-c3d5-4c4f-bc2f-d885218ed802,ocd-jurisdiction/country:us/state:ma/government,committee,"[{'url': 'https://malegislature.gov/Committees/Detail/H53', 'note': 'Committee Details Page'}]","[{'url': 'https://malegislature.gov/Committees/Detail/H53', 'note': 'homepage'}]","[{'name': 'House Committee on Operations, Facilities and Security', 'end_date': '', 'start_date': ''}, {'name': 'House Operations, Facilities and Security', 'end_date': '', 'start_date': ''}, {'name': 'House Operations, Facilities and Security Committee', 'end_date': '', 'start_date': ''}]"
2023-02-23 02:05:24.663678+00:00,2024-10-09 23:57:49.720688+00:00,{},ocd-organization/0c12c0cf-0a4e-4b55-8b10-5a2b259826d2,House Committee on Ethics,ocd-organization/ca38ad9c-c3d5-4c4f-bc2f-d885218ed802,ocd-jurisdiction/country:us/state:ma/government,committee,"[{'url': 'https://malegislature.gov/Committees/Detail/H38', 'note': 'Committee List page of malegislature gov site'}, {'url': 'https://malegislature.gov/Committees/Detail/H38', 'note': 'Committee Details Page'}]","[{'url': 'https://malegislature.gov/Committees/Detail/H38', 'note': 'homepage'}, {'url': 'https://malegislature.gov/Committees/House/H38', 'note': ''}]","[{'name': 'House Committee on Ethics', 'end_date': '', 'start_date': ''}, {'name': 'House Ethics', 'end_date': '', 'start_date': ''}, {'name': 'House Ethics Committee', 'end_date': '', 'start_date': ''}]"
2023-02-23 02:05:25.886134+00:00,2024-10-09 23:57:49.412163+00:00,{},ocd-organization/8f174cc8-cccc-46a2-b8ed-fdd942f96ccb,House Committee on Rules,ocd-organization/ca38ad9c-c3d5-4c4f-bc2f-d885218ed802,ocd-jurisdiction/country:us/state:ma/government,committee,"[{'url': 'https://malegislature.gov/Committees/Detail/H33', 'note': 'Committee List page of malegislature gov site'}, {'url': 'https://malegislature.gov/Committees/Detail/H33', 'note': 'Committee Details Page'}]","[{'url': 'https://malegislature.gov/Committees/Detail/H33', 'note': 'homepage'}, {'url': 'https://malegislature.gov/Committees/Detail/TH33', 'note': ''}]","[{'name': 'House Committee on Rules', 'end_date': '', 'start_date': ''}, {'name': 'House Rules', 'end_date': '', 'start_date': ''}, {'name': 'House Rules Committee', 'end_date': '', 'start_date': ''}]"
2023-02-23 02:05:29.548170+00:00,2024-10-09 23:57:52.919987+00:00,{},ocd-organization/d9f8d573-3c92-4b1a-97c2-f3d32a0e640b,Senate Committee on Intergovernmental Affairs,ocd-organization/1a75ab3a-669b-43fe-ac8d-31a2d6923d9a,ocd-jurisdiction/country:us/state:ma/government,committee,"[{'url': 'https://malegislature.gov/Committees/Detail/S55', 'note': 'Committee List page of malegislature gov site'}, {'url': 'https://malegislature.gov/Committees/Detail/S55', 'note': 'Committee Details Page'}]","[{'url': 'https://malegislature.gov/Committees/Detail/S55', 'note': 'homepage'}]","[{'name': 'Senate Committee on Intergovernmental Affairs', 'end_date': '', 'start_date': ''}, {'name': 'Senate Intergovernmental Affairs', 'end_date': '', 'start_date': ''}, {'name': 'Senate Intergovernmental Affairs Committee', 'end_date': '', 'start_date': ''}]"
2023-02-23 02:05:27.409215+00:00,2024-12-24 13:33:00.419037+00:00,{},ocd-organization/2ab4f2f6-bef2-41a8-be30-4d278ff48b30,House Committee on Human Resources and Employee Engagement,ocd-organization/ca38ad9c-c3d5-4c4f-bc2f-d885218ed802,ocd-jurisdiction/country:us/state:ma/government,committee,"[{'url': 'https://malegislature.gov/Committees/Detail/H45', 'note': 'Committee List page of malegislature gov site'}, {'url': 'https://malegislature.gov/Committees/Detail/H45', 'note': 'Committee Details Page'}]","[{'url': 'https://malegislature.gov/Committees/Detail/H45', 'note': 'homepage'}]","[{'name': 'House Committee on Human Resources and Employee Engagement', 'end_date': '', 'start_date': ''}, {'name': 'House Human Resources and Employee Engagement', 'end_date': '', 'start_date': ''}, {'name': 'House Human Resources and Employee Engagement Committee', 'end_date': '', 'start_date': ''}]"
2023-02-23 02:05:25.581890+00:00,2024-12-24 13:33:00.982620+00:00,{},ocd-organization/84d4e8b6-44cd-4b8e-a73b-a58736eeb4f7,House Committee on Global Warming and Climate Change,ocd-organization/ca38ad9c-c3d5-4c4f-bc2f-d885218ed802,ocd-jurisdiction/country:us/state:ma/government,committee,"[{'url': 'https://malegislature.gov/Committees/Detail/H51', 'note': 'Committee Details Page'}]","[{'url': 'https://malegislature.gov/Committees/Detail/H51', 'note': 'homepage'}, {'url': 'https://malegislature.gov/Committees/House/H51', 'note': ''}]","[{'name': 'House Committee on Global Warming and Climate Change', 'end_date': '', 'start_date': ''}, {'name': 'House Global Warming and Climate Change', 'end_date': '', 'start_date': ''}, {'name': 'House Global Warming and Climate Change Committee', 'end_date': '', 'start_date': ''}]"
2023-02-23 02:05:27.111630+00:00,2024-12-24 13:33:01.614487+00:00,{},ocd-organization/3af8ee0f-ea4a-43b1-ac6e-cc67a77bf936,"House Committee on Steering, Policy and Scheduling",ocd-organization/ca38ad9c-c3d5-4c4f-bc2f-d885218ed802,ocd-jurisdiction/country:us/state:ma/government,committee,"[{'url': 'https://malegislature.gov/Committees/Detail/H52', 'note': 'Committee Details Page'}]","[{'url': 'https://malegislature.gov/Committees/Detail/H52', 'note': 'homepage'}]","[{'name': 'House Committee on Steering, Policy and Scheduling', 'end_date': '', 'start_date': ''}, {'name': 'House Steering, Policy and Scheduling', 'end_date': '', 'start_date': ''}, {'name': 'House Steering, Policy and Scheduling Committee', 'end_date': '', 'start_date': ''}]"
2023-02-23 02:05:19.333445+00:00,2024-12-24 13:33:02.114995+00:00,{},ocd-organization/ce291285-3c4f-486d-a438-950d362fe892,Joint Committee on Emergency Preparedness and Management,ocd-organization/9c4e7b53-9912-4394-a40a-14b5ecdb8aba,ocd-jurisdiction/country:us/state:ma/government,committee,"[{'url': 'https://malegislature.gov/Committees/Detail/J52', 'note': 'Committee List page of malegislature gov site'}, {'url': 'https://malegislature.gov/Committees/Detail/J52', 'note': 'Committee Details Page'}]","[{'url': 'https://malegislature.gov/Committees/Detail/J52', 'note': 'homepage'}]","[{'name': 'Joint Committee on Emergency Preparedness and Management', 'end_date': '', 'start_date': ''}, {'name': 'Joint Emergency Preparedness and Management', 'end_date': '', 'start_date': ''}, {'name': 'Joint Emergency Preparedness and Management Committee', 'end_date': '', 'start_date': ''}]"
2023-02-23 02:05:14.956180+00:00,2024-12-24 13:33:03.369583+00:00,{},ocd-organization/7ecffb6d-0e1a-4b59-b3eb-3ab7e72c88a5,"Joint Committee on Telecommunications, Utilities and Energy",ocd-organization/9c4e7b53-9912-4394-a40a-14b5ecdb8aba,ocd-jurisdiction/country:us/state:ma/government,committee,"[{'url': 'https://malegislature.gov/Committees/Detail/J37', 'note': 'Committee List page of malegislature gov site'}, {'url': 'https://malegislature.gov/Committees/Detail/J37', 'note': 'Committee Details Page'}]","[{'url': 'https://malegislature.gov/Committees/Detail/J37', 'note': 'homepage'}]","[{'name': 'Joint Committee on Telecommunications, Utilities and Energy', 'end_date': '', 'start_date': ''}, {'name': 'Joint Telecommunications, Utilities and Energy', 'end_date': '', 'start_date': ''}, {'name': 'Joint Telecommunications, Utilities and Energy Committee', 'end_date': '', 'start_date': ''}]"
2023-02-23 02:05:21.832288+00:00,2024-12-24 13:33:04.651930+00:00,{},ocd-organization/3587e716-38b3-43eb-8bef-e2b83093104b,Joint Committee on Agriculture,ocd-organization/9c4e7b53-9912-4394-a40a-14b5ecdb8aba,ocd-jurisdiction/country:us/state:ma/government,committee,"[{'url': 'https://malegislature.gov/Committees/Detail/J38', 'note': 'Committee Details Page'}]","[{'url': 'https://malegislature.gov/Committees/Detail/J38', 'note': 'homepage'}]","[{'name': 'Joint Agriculture', 'end_date': '', 'start_date': ''}, {'name': 'Joint Agriculture Committee', 'end_date': '', 'start_date': ''}, {'name': 'Joint Committee on Agriculture', 'end_date': '', 'start_date': ''}]"
2023-02-23 02:05:20.566669+00:00,2024-12-24 13:33:05.143264+00:00,{},ocd-organization/fc37afe6-4ccb-4b3f-a169-d3e11061296b,Joint Committee on Ways and Means,ocd-organization/9c4e7b53-9912-4394-a40a-14b5ecdb8aba,ocd-jurisdiction/country:us/state:ma/government,committee,"[{'url': 'https://malegislature.gov/Committees/Detail/J39', 'note': 'Committee Details Page'}]","[{'url': 'https://malegislature.gov/Committees/Detail/J39', 'note': 'homepage'}]","[{'name': 'Joint Committee on Ways and Means', 'end_date': '', 'start_date': ''}, {'name': 'Joint Ways and Means', 'end_date': '', 'start_date': ''}, {'name': 'Joint Ways and Means Committee', 'end_date': '', 'start_date': ''}]"
2023-02-23 02:05:19.647402+00:00,2024-12-24 13:33:06.514104+00:00,{},ocd-organization/50bd20e2-dec7-401c-b429-2646dd8e1e72,Joint Committee on Environment and Natural Resources,ocd-organization/9c4e7b53-9912-4394-a40a-14b5ecdb8aba,ocd-jurisdiction/country:us/state:ma/government,committee,"[{'url': 'https://malegislature.gov/Committees/Detail/J21', 'note': 'Committee List page of malegislature gov site'}, {'url': 'https://malegislature.gov/Committees/Detail/J21', 'note': 'Committee Details Page'}]","[{'url': 'https://malegislature.gov/Committees/Detail/J21', 'note': 'homepage'}]","[{'name': 'Joint Committee on Environment and Natural Resources', 'end_date': '', 'start_date': ''}, {'name': 'Joint Environment and Natural Resources', 'end_date': '', 'start_date': ''}, {'name': 'Joint Environment and Natural Resources Committee', 'end_date': '', 'start_date': ''}]"
